StartDate,EndDate,Status,Progress,Duration (in seconds),Finished,RecordedDate,ResponseId,Pol_ID,time_First Click,time_Last Click,time_Page Submit,time_Click Count,oe_1,time_First Click,time_Last Click,time_Page Submit,time_Click Count,oe_2,time_First Click,time_Last Click,time_Page Submit,time_Click Count,oe_3,time_First Click,time_Last Click,time_Page Submit,time_Click Count,oe_4,time_First Click,time_Last Click,time_Page Submit,time_Click Count,oe_5,opin_1,opin_2,opin_3,opin_4,opin_5,opin_6,opin_7,opin_8 ,opin_9,demo_1 ,demo_1 _8_TEXT,demo_2 ,demo_2 _5_TEXT,demo_3 ,demo_4 ,demo_5,demo_5_6_TEXT,demo_8 ,demo_8 _5_TEXT,demo_9 ,demo_10,demo_11 ,USBorn,USBorn_2_TEXT,hon_1,hon_comments ,PROLIFIC_PID
10/4/2023 18:04,10/4/2023 18:09,0,100,259,1,10/4/2023 18:09,R_VQZ9cLjQzaUwGZj,60feef097d44475bccfb2e03,9.482,9.482,22.7,1,Trade and development ,0.672,21.144,22.702,5,They are producing more goods and services that they can sell ,0.589,32.757,34.301,7,By trading and going into other places and obtaining the needed goods ,4.269,25.888,29.2,2,Co2 admissions rising from industrialization ,0.614,1.517,30.654,3,"Sea temperatures rising which will effect fishing, ice melting, seasons becoming more severe ",7,8,6,6,7,6,5,6,2,6,,1,,5,4,2,,1,,,1,,1,,2,,60feef097d44475bccfb2e03
10/4/2023 18:06,10/4/2023 18:13,0,100,396,1,10/4/2023 18:13,R_3JgWsyaAfdfTyJz,651df555e57241e6dcc8c687,7.193,7.193,29.466,1,Civil unrest forcing governmental changes.,3.574,3.574,37.59,1,"Colonization, white supremacy, pillaging and stealing valuable resources from the global south.",9.303,9.303,35.522,1,Slave labor,2.496,2.496,95.674,1,"pollution from corporations, clearing out all of earth's natural resources in exchange for economic gain",9.461,9.461,66.789,1,"Climate disasters that will inevitably show how poor our infrastructure is, leading us all to houselessness and ultimately our untimely death",8,8,8,6,8,8,6,7,2,7,,1,,8,4,2,,1,,,1,,1,,2,,651df555e57241e6dcc8c687
10/4/2023 18:02,10/4/2023 18:14,0,100,686,1,10/4/2023 18:14,R_3G9xrKVzIRmkCbn,5f1bb1034428d93d5b8f3c52,1.345,22.771,23.375,5,I dont know.,2.522,14.476,21.199,3,slavery,145.266,150.504,151.131,2,I dont know,1.673,24.576,25.048,5,"global warming, such as oils, heat from cars",4.201,14.332,25.521,2,parts of the earth will be flooding,5,8,7,7,6,7,6,7,3,3,,1,,5,4,3,,3,,,,3,1,,2,,5f1bb1034428d93d5b8f3c52
10/4/2023 18:13,10/4/2023 18:19,0,100,324,1,10/4/2023 18:19,R_1mXjXH1f6QUn4oA,63ed2136cc272b2aea4bc0dd,11.605,11.605,41.051,1,Access to natural resources. Preferable climate for habitation. Relative lack of large predators.,8.202,59.574,60.094,2,Much of that ties back to colonialism and imperialism and how nations like Britain exploited those who were less advanced at the time and essentially provided generational national wealth for themselves.,11.016,11.016,23.994,1,From their colonies abroad or via conflict,5.075,5.075,43.301,1,"Greenhouse gas emissions
Continued weakening of the ozone by various pollutants",2.397,2.397,27.994,1,"Rising sea levels, changing climate patterns, more extreme weather events, mass extinction of some species",7,8,7,6,3,6,6,6,2,6,,2,,8,4,2,,1,,,1,,1,,2,,63ed2136cc272b2aea4bc0dd
10/4/2023 18:11,10/4/2023 18:21,0,100,586,1,10/4/2023 18:21,R_Dc4FbMbtNDlY64x,6108455c93f0ee967a7335d1,6.241,20.762,83.113,3,I'm not sure - perhaps it was the class and racial divide between slavery in the US and France's control of Algeria. They used those resources to develop their own societies.,2.171,2.171,128.217,1,"Again, probably slavery and indentured servitude. As well, resources that both countries had (cotton, land, wares) led to favorable positions that again, led to incredible growth and booming industries that other countries don't have.",5.473,6.136,43.539,2,"Slavery, child labor, and no labor laws that limited the hours and days, nor the conditions of the labor.",3.919,77.096,86.128,9,Using resources like gas releases methane and carbon dioxide into the air. These elements and trapped in the atmosphere and accumulate (acting like a greenhouse - hence greenhouse gases) in which turn heats the air and seas.,1.098,158.699,159.358,7,"Rising temperatures that affect the air and sea have intense consequences. Rising temps in the ocean make it inhabitable for certain plants and animals, such as coral, which do the very important work of filtering pollutants. Without this filtering fish die, which is a domino effect. Seals who eat the fish die, polar bears who eat the seals die, and so on and so forth. Additionally this has created new and intense weather patterns - hurricanes, mudslides, earthquakes, etc.",7,8,8,7,8,8,7,7,2,"3,6,7",,1,,8,4,2,,1,,,1,,1,,2,,6108455c93f0ee967a7335d1
10/4/2023 18:14,10/4/2023 18:21,0,100,399,1,10/4/2023 18:21,R_1GPHnXyTHmUJcUd,5ff24a558422b425e7beb597,1.974,42.46,44.51,6,I’m not sure at all. We just have a very work-driven mentality. Perhaps we/they also have access to a lot of money and materials.,0.817,37.704,69.627,12,I feel like inherited wealth is a big part of why some countries are wealthier than others. It is very difficult to move up in social class especially in lower developed countries.,1.079,55.52,56.345,22,"I think we made deals with other countries if we did not have the materials, using boats/trains to receive them. ",3.194,59.036,59.582,3,"The earths temperature does rise slightly over time naturally, but the drastic change has been due to humans impact on the earth. Emissions from large scale production go into the air and thin our ozone layer. ",0.993,1.51,57.014,3,"Ice melting which means more flooding. It can also cause droughts, and extreme weather. The seasons are also changing a bit.",6,4,7,6,5,6,6,5,2,6,,"3,4",,7,4,2,,1,,,1,,1,,2,,5ff24a558422b425e7beb597
10/4/2023 18:09,10/4/2023 18:22,0,100,817,1,10/4/2023 18:22,R_2Bh5c6hVP2Sntku,5dc8c3d5b9d904627249ffbe,1.042,1.042,220.195,1,"Immigration, expansion of territories, war, money, powerful military, and a lot of factors have influenced the way these countries became what they are today. Unfortunately, the US in particular gained a lot of its power by taking over other peoples lands and using slave labor. Not saying that's a good thing, but we did use other people to our benefit to grow.",20.784,49.076,169.7,3,"Having a higher population and larger territory, better economy to build up the military, taking land and people from other countries, having high rates  of immigration, less formidable competition in some cases, location and local resources, etc.",1.338,1.338,134.951,1,Some of it was from natural resources in the area. I think that was the time they started using steam engines and powering machines with coal and water as energy. They likely participated in trade with other countries as well.,2.901,2.901,37.046,1,"Global warming due to pollution is destroying the ozone layer, leading to widespread rise in temperature, ",1.346,1.346,129.519,1,"In some places, the ice caps are melting and rising water levels, which is destroying the habitats of the animals there. Some areas are experiencing droughts and less access to water supplies. Over the long term, the temperatures could become unsafe for many species to survive.",7,8,8,7,5,7,6,7,2,6,,2,,8,2,1,,1,,,1,,1,,2,,5dc8c3d5b9d904627249ffbe
10/4/2023 18:09,10/4/2023 18:23,0,100,806,1,10/4/2023 18:23,R_4ZbqLs3nx7dU0PT,5d22376c661eeb0019f41d18,8.367,8.367,177.466,1,"After World War II, the countries were able to capitalize on working together to create a global economy as well as the highest tax rate that America has ever had. ",3.303,183.968,184.593,4,"Many countries have traditionally been colonized and exploited. When there has been attempts to benefit those countries with charity, there have been many cases of the money or food not going to those in need.  The US and Britain have been focused on capitalism as a point of most policies.  ",9.603,15.731,33.033,2,Slavery.  The majority of labor was slavery.,3.955,153.054,171.775,8,"The primary causes of global warming are man made.  As there are more polluting emissions, there are more extreme temperatures that cause the icebergs to melt, causing the oceans to rise.",2.378,2.378,92.274,1,"The icebergs are melting, the ocean levels are rising, and there is more extreme weather.  This will eventually cause humanity to not be able to live on earth.",8,8,8,8,8,8,8,8,1,6,,2,,7,3,1,,1,,,1,,1,,2,,5d22376c661eeb0019f41d18
10/4/2023 18:12,10/4/2023 18:23,0,100,683,1,10/4/2023 18:23,R_2TGieFgPZMK7Oui,5397abb5fdf99b1ccc3f1223,2.317,38.618,59.757,14,"Unfortunately, I don't have enough information or know enough to properly answer this question. I like to admit when I don't know something rather than make up things that I think are the case. ",1.217,79.761,80.364,11,"This is another question I don't feel qualified to properly answer. However, the development of these countries in their history must have led to better opportunities for things like technological advancement allowing countries to better enrich themselves with the fruits of said developments. I cannot really say otherwise. ",1.274,22.196,53.149,38,I would imagine (but am not confident to answer) that is may have been sourced internationally and domestically. ,1.102,42.755,44.19,7,I don't feel confident enough to answer this question other than the fact that climate scientists agree almost unanimously that there are man-made contributions. ,1.284,32.323,32.815,4,"So many things ranging from risks of climate refugeeism, wildfires, and so much more. What WON'T it impact?",7,8,8,5,5,8,5,6,2,6,,2,,7,3,3,,3,,,,4,1,,2,,5397abb5fdf99b1ccc3f1223
10/4/2023 18:14,10/4/2023 18:24,0,100,610,1,10/4/2023 18:24,R_3OcteR38GksQZYI,60df2cf84c6912e1e87d887f,5.505,5.505,111.883,1,I believe it was the proliferation of capitalism and democracy. The ability for western nations to have sway within their government really makes a difference. Capitalism allows a surplus of money and gives everyone the opportunity to make it to the top no matter their beginning situation,17.719,98.242,125.95,10,"Unfortunately, it is probably from the US and Britain, within their earlier years, stealing from these countries. Our government is also a big reason why we are different",1.879,1.879,35.259,1,Slave labor unfortunately. Which is another reason we were able to get ahead when compared to other countries,1.524,1.524,73.52,1,Climate change and pollution has greatly effected the world. Depleting o-zone and green house gases has caused a rise in global temperatures which has caused glacial melting and weird weather all across the world. Pollution from big companies is the biggest reason this is happening,2.928,20.349,62.703,4,"Glacial melting, disastrous weather all over the world, especially in places it didn't usually happen. shifting in tornado alley and earthquakes in different areas. Ecosystems are being disrupted and animals are going extinct ",6,7,8,4,7,4,5,6,2,6,,2,,5,2,2,,1,,,2,,1,,2,,60df2cf84c6912e1e87d887f
10/4/2023 18:14,10/4/2023 18:25,0,100,659,1,10/4/2023 18:25,R_3J8Hmpt1HKxBWe3,5b217fb47ba82c00019ed95a,20.253,20.253,91.729,1,Manufacturing and then computing. Banking and financial markets. ,5.922,219.264,226.778,19,"We have more money in general than they do. China started manufacturing all sorts of things,  including computer chips which has gained them so much power in the world ",14.372,14.372,71.743,1,"A lot of it cane from slaves, or poor people who needed to make money to live ",5.651,5.651,89.501,1,"Gases from manufacturing, cars, from oil companies. ",4.479,43.51,53.964,4,Temperatures rising. Ice packs on both poles melting. Oceans eising,8,8,8,8,7,8,7,8,1,6,,1,,8,2,2,,1,,,1,,1,,2,,5b217fb47ba82c00019ed95a
10/4/2023 18:21,10/4/2023 18:26,0,100,306,1,10/4/2023 18:26,R_2ZKatXT6Wn5exqB,5e360b19cd9d165b0a68a76a,4.674,46.309,53.583,2,"High standards of living in Western nations, such as the United States and France, result from factors like industrialization, market-oriented economies, education, political stability, resource access, infrastructure, social welfare, global trade, and cultural emphasis on entrepreneurship and work ethic. Nonetheless, disparities persist, and conditions can change.",1.855,54.454,58.411,8,"Some countries like the United States and Britain are much wealthier than others like Haiti and Indonesia because of a bunch of reasons. In the past, richer countries often took over poorer ones, which set them on a different path. Also, things like having lots of natural resources, good government, and education can make a big difference. Plus, being part of the global economy and having stable politics help. These factors are all connected and can be hard to change, but it's important to work on them to reduce wealth differences between countries.",1.535,33.945,37.49,4,"During the Industrial Revolution, Western nations like Britain got raw materials such as cotton and rubber mainly from their colonies and by trading with other countries. They used improved technology and farming methods to produce more of these materials. This allowed them to boost their industrial production and become economically powerful, but it often came at the expense of their colonies and local traditions, causing problems like exploitation and cultural changes.",2.187,2.187,27.328,1,"Global warming, greenhouse gasses",1.86,1.86,21.948,1,"Icecaps melting, change in weather patterns, more natural disasters",7,7,7,6,5,6,4,4,3,2,,2,,7,4,2,,1,,,2,,1,,1,,5e360b19cd9d165b0a68a76a
10/4/2023 18:20,10/4/2023 18:26,0,100,402,1,10/4/2023 18:26,R_1hLxiP5xPpcv7xV,651d6d2e19e50e96ef34e544,6.92,13.395,70.297,4,"Hard work. Access to immense natural resources, education, and drive and fortitude.",2.587,8.844,69.155,3,Long-term business and natural resources.,9.85,17.95,39.268,2,"
During that period of time, use of sheep or slave labor to provide raw materials for the industrial revolution",6.624,33.157,35.625,2,Nature just doing it’s thing,3.881,3.881,24.408,1,"Crop loss, migration of animals",3,6,3,2,2,2,2,2,5,5,,2,,7,5,4,,3,,,,2,1,,2,,651d6d2e19e50e96ef34e544
10/4/2023 18:23,10/4/2023 18:27,0,100,281,1,10/4/2023 18:27,R_dd7MFQg3jEe3ugx,60e4a68fea6bb239a06fc072,1.305,1.305,21.83,1,I have no idea,2,2,28.656,1,"how long they have been established, size, power, money, allies, education",4.973,4.973,21.603,1,in factories,3.536,3.536,21.94,1,"climate change, global warming, ozone breaking down",1.768,1.768,22.053,1,"melting of ice caps, higher temperatures, animals dying or migrating",6,7,7,3,4,4,3,4,4,6,,1,,8,3,3,,3,,,,1,1,,2,,60e4a68fea6bb239a06fc072
10/4/2023 18:23,10/4/2023 18:28,0,100,258,1,10/4/2023 18:28,R_22xkRIk58zfkZ29,5fd5a01f252edc42142d10c8,2.828,2.828,40.666,1,Probably a lot of scientific research to actually discover things and reach standards of living. Good access to materials to build things. Recovering from political instability,2.148,2.148,42.33,1,"Presence of natural resources, investment in education and services, past/present geopolitical disadvantages, presence of a functioning government",1.753,1.753,28.105,1,"sometimes growing it, sometimes trading for it, sometimes taking it from other places by force",2.073,2.073,22.615,1,Increasing carbon dioxide in atmosphere trapping heat caused mostly by human activity.,1.352,1.352,28.952,1,Changes in weather. Oceans become warmer and habitats of animals change. Melting ice caps release more water.,6,7,7,5,3,6,4,6,2,6,,1,,7,5,2,,1,,,2,,1,,2,n/a,5fd5a01f252edc42142d10c8
10/4/2023 18:19,10/4/2023 18:28,0,100,533,1,10/4/2023 18:28,R_2PcCcXQCweDV5uB,6150c121d880e0e4a582a701,5.888,48.7,81.503,3,I believe colonization of other lands and people helped  Western nations with obtaining higher standards of living. Also the industrial revolution ,5.094,63.801,64.301,2,They have more organized government and infrastructure vs other countries. They also likey gained much wealth and power via wars of the past ,21.294,71.224,73.7,5,Slavery for some places and cheap exploitive  labor practices to obtain materials ,12.143,112.737,113.3,2,The ozone layer is thinning or depleted now from industry..factory farming ..and other pollution sources . It damaged the ozone layer I think which protected us better from the sun. With it thinning it heats up the water and air ,2.327,2.327,69.301,1,Rising temperature leads to animals going extinct. Mass dying of sea life like coral reefs and extreme changes and shifts in weather patterns ,8,8,8,8,8,8,8,6,1,6,,1,,7,4,1,,1,,,1,,1,,2,,6150c121d880e0e4a582a701
10/4/2023 18:20,10/4/2023 18:28,0,100,513,1,10/4/2023 18:28,R_UQoboY03FgrqUgx,608266145ffbc0e6b8645b17,5.008,136.314,167.995,9,"I think the Industrial Revolution caused the higher living standards in these countries. From moving to an agrarian society to one of manufacturing, many things changed for western countries. People were used to having more things, especially more convenient things. They had more time and more money to invest in innovations and inventions, most of all indoor plumbing. As the manufacturing industry grew for these inventions, do did relative wealth, and the cycle continues from there. ",7.824,139.93,143.694,6,"I would again say the Industrial Revolution had huge resounding impacts on wealth distribution. When factory jobs became available, people had to work less hard for more money. Racism is another factor here though. As these industrialized countries made more things out of their own resources, they had trampled other places and took their intrinsic wealth for themselves. ",4.089,4.089,33.605,1,They often took them from places where they occurred naturally without compensation. ,5.045,15.056,33.361,3,"Carbon emissions from factories, use of fossil fuels, unsustainable business practices. ",1.569,1.569,40.205,1,"Rising oceans destroying coastal communities, loss of wildlife and disruptions to the food chain, massive extinction events. ",8,8,8,6,5,5,5,7,2,6,,1,,5,3,1,,3,,,,1,1,,2,,608266145ffbc0e6b8645b17
10/4/2023 18:18,10/4/2023 18:28,0,100,599,1,10/4/2023 18:28,R_2arGkpDeyPB7wAu,5e0725a64f849e0b70844e06,5.336,110.281,118.14,22,"I think the Industrial Revolution led to the high standards of living in the west. Also, possibly post World War II influenced contributed the high standard of living. ",6.405,62.363,76.351,10,"I think the form of government a country had, whether there is civil war or unrest, and the resources available to the country impact the earth of a country. ",2.628,14.885,38.747,6,I think they sourced goods from other countries if they were unable to produce it themselves. ,3.981,3.981,38.197,1,The amount of carbon dioxide or emissions on the planet is causing rising temperatures. ,1.63,1.63,30.341,1,The ice caps and glaciers are melting. Seas levels will rise flooding the land at the coast. ,7,8,8,6,3,3,5,5,3,6,,1,,7,2,2,,1,,,2,,1,,2,None at this time. ,5e0725a64f849e0b70844e06
10/4/2023 18:25,10/4/2023 18:32,0,100,424,1,10/4/2023 18:32,R_2CpjKkkgergULjy,64edec4681979c85f3c715ac,6.064,6.064,103.095,1,Different for different nations. High standard of wages often reflects strong currency compared to other nations with a smaller gaps in earning between employers,4.512,73.712,79.669,6,Britain/USA specifically has a strong currency that has been built up by utilizing the natural resources of other nations. They have been able to leverage this and human capital to help facility management with other nations.,21.59,31.365,37.067,2,Largely sourced them from other nations,5.615,5.615,29.966,1,Increased levels of CO2 in the atmosphere,1.661,39.011,39.6,2,"To much to right really, but increased heat causes ice to melt and plant life and animals to change.",4,4,4,6,6,6,2,3,5,6,,2,,7,3,3,,1,,,2,,1,,2,,64edec4681979c85f3c715ac
10/4/2023 18:26,10/4/2023 18:32,0,100,345,1,10/4/2023 18:32,R_3kyMgTcFBMfGxTL,63d90f4cab05e6783fa6668c,11.069,13.452,46.31,2,"These countries developed strong capitalist economies that fostered innovation, entrepreneurship, and competition. This economic prosperity allowed for the creation of wealth and a high GDP per capita.",5.967,33.485,37.467,2,"Many wealthy countries, including the United States and Britain, had extensive colonial empires in the past. They extracted resources and established trade networks that laid the foundation for future economic development.",1.829,85.343,90.391,4, Agriculture remained a fundamental source of raw materials during the Industrial Revolution,4.001,11.064,21.564,7,GLOBAL WARMING,2.919,2.919,21.225,1,HEAT WAVES,7,7,7,7,7,7,7,7,1,6,,2,,8,5,2,,2,,2,,,1,,2,,63d90f4cab05e6783fa6668c
10/4/2023 18:22,10/4/2023 18:33,0,100,650,1,10/4/2023 18:33,R_ujNQYkUKkrmqRDb,651d6fe1d73f38540262e0ff,12.549,12.549,85.194,1,"Public education 
Industrialization 
Literacy ",4.918,74.859,75.501,4,the economic powers exploited the less wealthy countries as they were discovered by mOre developed countries. ,9.812,9.812,85.9,1,Raw materials were sourced from the most affordable locations for the greatest profit margins.,2.735,67.472,82.37,5,global warming caused by greenhouse gasses generated by the use of fossil fuels.,1.91,1.91,88.901,1,"rising sea levels
Coastal erosion
More extreme weather
Severe droughts
Severe flooding
Possibly mass starvation",8,8,8,8,4,8,5,5,1,6,,2,,7,4,2,,1,,,1,,1,,2,global climate change is a critical issue for our planet and getting that message across to all peoples is crucial to the success of our efforts to reverse global warming.,651d6fe1d73f38540262e0ff
10/4/2023 18:29,10/4/2023 18:33,0,100,262,1,10/4/2023 18:33,R_8dMYqIgY8tthhHH,6400d916e410c86255a45836,6.881,6.881,28.214,1,Government changes?,5.183,61.879,64.435,5,The can make tech and objects others can't to trade for wealth. Also have the army might to not be taken advantaged of.,13.506,13.506,29.117,1,Mining and farm work.,2.181,27.644,33.185,5,Greenhouse gases.,1.916,1.916,21.847,1,The earth will overheat and life will die.,6,4,7,6,7,6,6,7,1,6,,1,,5,3,1,,1,,,1,,1,,2,,6400d916e410c86255a45836
10/4/2023 18:29,10/4/2023 18:33,0,100,263,1,10/4/2023 18:33,R_3JyK6jgStGCM6DI,5c5c605231c89c0001bae560,7.533,7.533,32.461,1,"Imperialism, basically. Taking what they wanted from the world for centuries.",1.9,22.383,23.6,2,Imperialism and in turn slavery/subjugation of natives.,8.201,28.287,38.848,2,They took them from smaller countries and profited off of slavery.,2.636,2.636,26.501,1,Green house gases filling the atmosphere due to human consumption and industrialization ,1.446,1.446,25.456,1,We are all going to die eventually. Ecosystems are breaking down and the weather is extreme.,8,8,8,7,4,7,5,6,2,6,,2,,7,4,1,,1,,,1,,1,,2,,5c5c605231c89c0001bae560
10/4/2023 18:24,10/4/2023 18:34,0,100,604,1,10/4/2023 18:34,R_24H0Jd2AphXE1l5,650e7633516cf2c438bbedb2,4.95,116.398,165.587,5,"Multiple movements concerned with the rights of everyday people and what their government should provide for the. Events like the French Revolution, as well as the American Revolution, and the philosophy brought about during the Age of Enlightenment all coalesced to make Westerners feel like their governments all owe them a certain standard of living in exchange for their taxes and following the laws and standards set forth by said government. ",2.917,2.917,98.382,1,"Britain enjoys more wealth than other certain countries due to the former colonial empire which she presided over. Many of these former colonies had their resources stripped, their populations decimated, and their cultures suppressed, and these systems continue to have effects on the countries which were a part of these colonial systems, even centuries on.",8.033,89.785,107.828,5,"Slave labor, indentured labor, and other systems which negatively impacted the common people (eg mines with dismal conditions, textile mills, etc.) provided the bulk of the raw materials needed for industrialization.",2.442,2.442,45.941,1,"Buildup of greenhouse gasses released from industrial processes creating a ""greenhouse effect"" in the planet's atmosphere. ",1.767,1.767,38.875,1,"Species going extinct, more volatile weather patterns, melting of polar ice, famine and crop failure, etc",8,8,8,8,8,8,8,8,2,6,,1,,5,3,1,,1,,,1,,1,,2,"My field of study is Western History in the Early Modern Period, so this study happened to coincide with my pool of knowledge ",650e7633516cf2c438bbedb2
10/4/2023 18:10,10/4/2023 18:34,0,100,1482,1,10/4/2023 18:34,R_5oQquJaVgAWTyFz,61112db8ab8c64a2c49841dc,3.544,254.139,292.222,2,"I'm unsure of the specific factors, and I would guess it depends on what is defined as ""highest standards of living."" I would guess more generally that following the significant period of colonialism that many of these countries took part in, they established a sense of authority over many other countries that affected how we see commerce and military presence today. Given that these western nations were considered military powers, this may have influenced commerce and allowed these countries to develop significant wealth, and thus spend money on institutions central to maintaining higher standards of living.",4.024,140.275,268.986,3,"Similarly, I think the earlier colonization likely played a big role in country wealth. Although I'm unsure of the wealth disparity between such countries, I would guess that earlier perceptions of certain countries as stronger in terms of military forces gave the appearance of strength, in turn influencing how some countries benefit from the global market. I believe this also influenced global perceptions of some countries. For example, if a large market believes that the US is superior for certain reasons, they may believe products and services that come from there are more sought out, driving up prices. Overall, I believe lasting perceptions and consequences from colonization created a snowball effect that still informs today how countries are perceived.",13.748,323.153,330.101,13,"I'm less sure of other countries, but the US was able to source raw materials largely through the use of enslavement/involvement in the slave trade. Even after slavery was no longer legally recognized in the US, much of the sourcing of materials and production of industrial goods came through the use of free/cheap labor of immigrants, such as the widespread use of unsafe working conditions for immigrants in the US to build the railroad system. ",3.179,159.607,194.814,8,"I believe there are many different factors that likely contribute to rising temperatures on earth. For one, there may be a natural process throughout millions of years that causes global temperatures to fluctuate. In addition, increase carbon emissions have contribute to changes (I believe both rising and lowering) in the temperature. As the world become more industrial, the more widespread use of large factories, cars, etc. contributed to these increase emissions that have impacted the ozone layer of earth.",2.228,208.457,251.783,6,"Global changing temperatures have had, and continue to have, a large impact on the earth's ecosystem. Natural climates have changed, such as colder climates warming and melting ice caps. In addition, the change in temperature has seen unusual weather patterns in many parts of the world, such as increased flooding on coastlines or increasing wildfires.",7,8,7,7,6,7,5,7,2,6,,1,,8,4,2,,1,,,1,,1,,2,,61112db8ab8c64a2c49841dc
10/4/2023 18:29,10/4/2023 18:34,0,100,324,1,10/4/2023 18:34,R_3R93087fii3nUjm,608be57ba4025055968e84a0,9.128,24.993,35.102,3,Industrialization and globalism.,4.218,64.435,79.398,7,"Industrialism, globalism, stronger economies, advancements in technology, and corporations.",12.546,16.412,24.781,2,They used slaves then machines ,3.199,32.476,38.467,2,"Climate change due to the earth’s always changing climate, not manmade.",2.347,19.368,33.325,2,"Better weather, rising sea levels, displacement of people close to the water or sea",2,2,2,2,2,2,2,2,5,6,,2,,9,5,5,,2,,1,,,1,,2,,608be57ba4025055968e84a0
10/4/2023 18:15,10/4/2023 18:35,0,100,1159,1,10/4/2023 18:35,R_2R3sKHNwIMZVPgJ,641319b8fbec2db7b9736f35,164.422,172.995,249.281,2,"Industrial growth, education and hard work",10.951,90.978,91.67,2,"Resources, high moral and education standards, medical breakthroughs and laws for cleanliness",107.979,107.979,117.897,1,Imports,15.767,15.767,48.407,1,"Less trees, more asphalt, more chemicals",7.047,7.047,103.699,1,"Temperature changes have been cyclical since the beginning of time, they result in weather changes and can cause extinction of some species ",2,8,3,2,3,2,2,2,4,6,,1,,6,4,5,,3,,,,3,1,,2,,641319b8fbec2db7b9736f35
10/4/2023 18:24,10/4/2023 18:35,0,100,632,1,10/4/2023 18:35,R_2dmWvEaLxxu6GXz,611112142433b5e95c84acd9,9.314,66.197,72.641,8,these nations exploited human labor from other areas of the world for their own good and then let capitalism run largely unchecked creating better but more expensive goods,16.311,58.865,69.493,4,"'-forced exploitation of human labor 
-systemic oppression
-individualistic culture",7.957,50.793,54.703,6,stealing raw materials from other nations,1.392,1.392,78.977,1,"increased use of fossil fuels, farming and machinery
refusal by countries and big corporations to regulate their emissions",3.37,109.509,124.642,2,"rising ocean temperatures, increased natural disasters, loss of animals and plants ",8,8,8,8,8,8,8,8,1,6,,1,,7,3,1,,1,,,2,,1,,2,,611112142433b5e95c84acd9
10/4/2023 18:29,10/4/2023 18:35,0,100,340,1,10/4/2023 18:35,R_3MtXjhIWSr8UYDa,63d803fe12fac7c6d3d14012,3.509,3.509,28.978,1,Imperialism and capitalist exploitation of workers at home and especially abroad. ,3.237,3.237,33.792,1,Countries like Haiti and Indonesia had their resources exploited by imperialist powers like the US and Britain.,3.077,10.644,112.47,6,"The US was able to do this largely through the genocide and displacement of Native American groups and through conquest of the North American continent and elsewhere. The British used a wide variety of different types of colonial exploitation from directly taking over areas to using exploitative trade and trading companies, to economic domination as seen with the Ottoman and Qing empires.",1.863,1.863,36.145,1,Man-made CO2.,10.041,10.041,21.97,1,"Soil erosion, rising sea levels, climate instability.",8,8,8,8,8,8,8,8,1,6,,2,,8,2,1,,1,,,1,,1,,2,,63d803fe12fac7c6d3d14012
10/4/2023 18:29,10/4/2023 18:35,0,100,381,1,10/4/2023 18:35,R_2wgGL3oeVmTWlDZ,5ddb41e0ed3649a9c1fc68e6,10.967,10.967,43.371,1,vaccinations and garbage pickup,6.823,6.823,63.492,1,lots of entrepreneurs and stable forms of government,9.215,9.215,47.98,1,from their colonies and poor parts of the world,3.099,3.099,29.968,1,accumulation of carbon dioxide,2.014,2.014,20.735,1,rising oceans and people displacement,8,8,8,6,6,6,6,6,2,6,,2,,7,1,2,,1,,,1,,1,,2,,5ddb41e0ed3649a9c1fc68e6
10/4/2023 18:31,10/4/2023 18:35,0,100,271,1,10/4/2023 18:36,R_3k0oR7acxgnk3Zf,5f24990f4f9b0c0999492651,4.089,4.089,25.908,1,Industrial revolutions and colonialism/slavery.,3.773,3.773,21.475,1,Industrial revolutions and colonialism/slavery.,10.887,10.887,47.391,1,They used slaves to produce the raw materials and they colonialized countries that had resources.,2.235,2.235,29.004,1,Carbon emissions increasing mostly due to human waste.,1.384,21.467,21.955,2,Rising sea waters and hotter temperatures will make many places uninhabitable. ,8,8,8,5,6,8,5,5,2,6,,2,,8,4,2,,3,,,,1,1,,2,,5f24990f4f9b0c0999492651
10/4/2023 18:30,10/4/2023 18:36,0,100,368,1,10/4/2023 18:36,R_1rDNqpd3P9P3RRU,63a9e33f1f99635ff892c631,3.143,10.411,60.03,2,The large population and how they benefitted from colonizing other places,2.846,55.477,91.933,3,prejudice and racism as well as more companies being established in the USA ,1.346,61.833,71.674,3,in places like africa and other lower income countries they bought them for cheap ,2.419,2.419,22.144,1,Pollution and global climate change. the holes in the ozone layer,1.63,1.63,21.123,1,"ecosystem loss, deforestation, rising water levels",6,7,5,6,6,6,6,6,2,6,,2,,4,1,4,,2,,2,,,1,,2,,63a9e33f1f99635ff892c631
10/4/2023 18:30,10/4/2023 18:36,0,100,365,1,10/4/2023 18:36,R_3e4gZ1dsIRWIil4,64e8bf89c23bb1e2c761499e,8.396,8.396,100.047,1,The belief that they are among the most powerful countries in the world.,1.572,1.572,43.606,1,The wealthier countries were able to develop more rapidly and took advantage of other countries that were less fortunate.,9.97,9.97,42.272,1,By harvesting/mining it from countries that were rich in these materials.,1.255,1.255,23.157,1,Climate change due to the increase amount of CO2 within the earth's atmosphere.,1.436,1.436,29.189,1,"Increased natural disasters, destruction of habitat, and loss of species.",6,8,6,6,5,6,5,6,3,"5,6",,1,,6,3,2,,1,,,2,,1,,2,,64e8bf89c23bb1e2c761499e
10/4/2023 18:29,10/4/2023 18:37,0,100,490,1,10/4/2023 18:37,R_4Zd49cleuCOUC7n,568e7f66e3ef9e000ba1a089,16.842,16.842,107.67,1,"A relatively stable economy
A relatively stable political environment
A moderate climate
Many natural resources",2.904,2.904,54.7,1,"A more stable political environment
A more stable economy",18.671,18.671,48.663,1,From their colonies.,3.41,3.41,50.841,1,"Largely, depletion of the ozone layer by particulate air pollution",1.671,1.671,104.979,1,"Rising sea level, hotter, colder and more erratic weather, less food production, destruction of ecosystems, loss of coral reefs and marine life due to pollution and rising water temperatures",7,8,8,8,8,8,8,8,1,6,,1,,5,1,1,,1,,,1,,1,,2,,568e7f66e3ef9e000ba1a089
10/4/2023 18:27,10/4/2023 18:37,0,100,622,1,10/4/2023 18:37,R_1eUBv9pLnY73okt,6516e327da6f1e36fd05ace3,140.9,141.167,178.121,2,A well devoted and working financial system ,7.874,8.001,27.101,2,Well developed financial system,116.653,125.015,129.906,4,Imperialism ,57.367,57.51,80.007,2,"Industrial growth, burning of fossil fuels",8.051,8.288,25,2,Lower production of food crops,6,8,7,7,6,7,8,7,3,6,,2,,6,3,5,,2,,1,,,1,,2,,6516e327da6f1e36fd05ace3
10/4/2023 18:31,10/4/2023 18:38,0,100,374,1,10/4/2023 18:38,R_2w03xvcpR6sky2U,64480435f0fd571589cf1e31,44.151,44.151,62.401,1,I believe it was global trade that helped,4.231,40.57,44.032,3,Resources and trade at the most pivotal point in time,21.057,21.057,27.571,1,Slave labour,4.818,26.4,27.023,2,Greenhouse gas emissions ruining our ozone layer,1.821,1.821,31.415,1,"Global warming, higher temperatures, raging natural weather",7,6,8,5,6,6,4,6,3,3,,1,,3,4,2,,1,,,1,,1,,2,None,64480435f0fd571589cf1e31
10/4/2023 18:31,10/4/2023 18:39,0,100,510,1,10/4/2023 18:39,R_2QW1GA8TseeaXen,5ec4a0fffe991f37f61b356e,7.532,30.799,67.342,7,Western nations such as the U.S. stole the natural resources of the global south and the labor of the east to have high standards of living. ,4.512,46.432,59.965,6,These countries stole natural resources and used slave labor to become as wealthy as they are. ,6.202,96.658,133.797,9,"They stole them from other countries. For example, many Congolese people were enslaved to farm rubber for Belgium. These conditions were brutal. The way western nations stole this is a sort of forgotten holocaust. ",1.65,48.036,64.638,4,"The release of CO2 from burning fossil fuels, other anthropogenic GHGs, and decreased release of anthropogenic sulfur compounds. ",1.194,1.194,38.162,1,"Rising sea levels, increased extreme weather, fewer deaths from extreme cold, more deaths from extreme heat, and mass extinction. ",8,8,8,8,8,8,8,8,1,6,,1,,7,6,1,,1,,,1,,1,,2,,5ec4a0fffe991f37f61b356e
10/4/2023 18:31,10/4/2023 18:40,0,100,516,1,10/4/2023 18:40,R_1mf5K0kvFTYa4Y1,640175d4fd2062d9fa478050,3.408,115.568,115.634,4,"Having money and a high population, also the government systems.",2.492,8.668,59.819,4,"Leadership, and not receiving help from other countries. Natural disasters and the land being affected by it",5.667,61.715,70.276,7,Taking them from other countries,5.32,24.839,24.886,4,"Global warming, wrong gases going into the atmosphere.",1.709,26.26,26.934,2,"Change in climate, natural disasters more common",4,6,6,6,5,5,5,6,3,3,,2,,3,3,6,Independent ,3,,,,1,1,,2,,640175d4fd2062d9fa478050
10/4/2023 18:29,10/4/2023 18:42,0,100,750,1,10/4/2023 18:42,R_27dv3TZqUmSYaD2,60f4a96fa040aaa9bac2fb0b,5.602,5.602,127.092,1,"High incomes as a nation that are also felt on the individual/family level? Democracy?

I think these two things create access to things like healthcare and food and shelter but at the root is money that, in some sense, results in shared profits, even though that ""sharing"" can be very unequal at times. ",7.403,135.435,170.008,3,I think Hati and Indonesia were colonized and their ability to make money was taken from them and the countries that colonized them took all the profits. I listened to a new york times story once on all the debt that Haiti incurred as part of their rebellion and uprising against France. France literally crippled their economy for generations with fines and penalties and debt. I don't know anything about Indonisia but I would not be surprised if a country like Britain did something similar to them. ,21.68,45.413,45.95,2,I am pretty sure that those raw materials were grown and harvested by slaves. ,2.997,2.997,32.835,1,Climate change which is caused by humans and the high levels of carbon we release into the atmosphere. ,1.959,149.94,225.894,7,"It can raise sea levels and change weather patterns. This can have long term affects on shorelines, can cause flooding, and can create other weather patterns that humans are not accustomed to living with, like longer hotter fire seasons that burn closer to human settlements. It can also cause weather changes that affect our ability to grow crops and which could lead to food shortages. I think the weather patterns and temperature changes can also affect certain animals ability to find food. I know the polar bears are starving. And it is crazy when one animal leaves an ecosystem the ripple affects that can have on the rest of the ecosystem. ",8,8,8,8,8,8,8,8,1,6,,1,,7,4,2,,1,,,1,,1,,2,,60f4a96fa040aaa9bac2fb0b
10/4/2023 18:30,10/4/2023 18:43,0,100,780,1,10/4/2023 18:43,R_SUhmle5B7CtwrQJ,617596623a1b23c7a05e42dc,27.439,101.848,144.096,3,The idea that western nations have the highest standards of living in the world is an ethnocentric idea. There are many cultures and nations across the globe with high standards of living. Many are much higher than the US which I would argue doesn’t have a high standard of living compared to other “developed” nations. ,2.128,7.922,57.737,3,"This can easily be traced through the history of colonialism, specific British colonialism and imperialism in addition to other European countries and the US. ",1.5,10.767,108.601,3,"Many of the raw materials were mined in the country like coal while others were imported from other countries, either through the slave trade, colonialism, or bought. ",6.635,6.635,65.461,1,There is a natural cycle of temperatures the Earth goes through that is being rapidly sped up by human by products. ,1.303,2.727,127.852,4,"The consequences are severe changes in the environment across the globe from severe droughts to harsh floods, causing emergencies for millions of people. This can cause disruption to agriculture and industry. ",7,8,8,7,4,6,6,7,1,6,,1,,8,3,2,,1,,,1,,1,,2,,617596623a1b23c7a05e42dc
10/4/2023 18:27,10/4/2023 18:43,0,100,937,1,10/4/2023 18:43,R_1nTsIBTaaYkHVj7,5f0a7dec44c42c19a6c9f6d9,13.369,13.369,89.887,1,"By developing trade and partnerships between other countries and leading the way, they were able to develop higher standards or living.",5.299,5.299,72.166,1,"US and Britain have invested more money towards schools, educations and public needs, while many third world countries have not.",13.165,58.751,60.158,2,They were able to get these resources at cheap rates by sourcing it through slave owners and many poor countries.,7.122,7.122,83.314,1,Rising temps have been the result of many made pollutions and climate change that is believed to be a natural occurrence that happens in cycles.,1.784,1.784,58.383,1,"Rising temps cause weather patters to become more extreme and unpredictable, which can threaten lives, safety and well being of people and animals.",6,8,7,4,6,5,6,4,3,6,,2,,3,3,2,,1,,,2,,1,,2,Enjoyed,5f0a7dec44c42c19a6c9f6d9
10/4/2023 18:31,10/4/2023 18:43,0,100,730,1,10/4/2023 18:43,R_10q2QAGXbWVH1Qd,5d7f79e7e41ee70018d9164a,1.038,64.51,194.685,4,I would have to say after they abolished slavery it started to get better for everyone. It changed even further with civil rights leaders in the 50s and through to today. We have a long way to go but it seems we are on the right path even with people on the far right trying to make life harder for people.,2.212,9.044,97.872,2,"Britain colonized everywhere and took over many resources that should have rightfully belonged to it's country of origin. I would have to say that the US is wealthier because of certain industries such as the auto industry, food production etc",5.508,25.74,100.496,2,"They bought/ took from other countries who had an abundance. Cotton was ground nationally, but was farmed on the backs of slave labor and was incredibly an immoral way to amass wealth. ",4.183,4.183,96.075,1,"There are many factors including human activities (burning coal, pollution, methane from cattle) I don't think climate change is ""just a natural evolution of earths atmosphere"" ",1.426,127.298,131.142,4,I would say that one consequence we would see soon would be crop devastation and mass extinctions. The human race could be on the brink of extinction as well. We don't know because we are in unknown territory at this point. The climate has already been changing rapidly and it will probably only continue to do so.,8,8,8,8,5,8,6,8,2,6,,1,,3,2,1,,1,,,1,,1,,2,Thanks,5d7f79e7e41ee70018d9164a
10/4/2023 18:35,10/4/2023 18:43,0,100,466,1,10/4/2023 18:43,R_2aEm5nbCbQjWsGw,5865ecf6a7f6480001ed9791,13.695,27.663,55.335,3,"I'm not sure, but my guess would be inventions and quicker advances in technology.",3.958,3.958,47.406,1,I think democracy helps to curb down corruption.  Corrupt governments seem steal a lot of wealth from their citizens.,8.869,13.683,59.04,2,I think the US had a robust agricultural industry that likely supplied a lot of these needs.  I think Brittan had a lot of colonies that they used for supplies.,2.947,4.027,83.687,2,I think a big part is the expansion of human habitats.,1.196,1.196,44.596,1,"Rising oceans, some areas being too hot to live.",4,6,6,4,3,4,3,4,3,6,,2,,5,2,4,,2,,2,,,1,,2,,5865ecf6a7f6480001ed9791
10/4/2023 18:29,10/4/2023 18:45,0,100,903,1,10/4/2023 18:45,R_3kAMv4BQC3wlY3p,5b66c8d4cda8590001dafb0c,5.55,106.086,110.6,7,Proximity to USA who captured global trade with post WW2 recovery plans and exports their inflation to the rest of the world through weaponization of USD and SWIFT,2.535,2.535,51.591,1,"Complicated history of Colonization, natural resources, free trade. Can not be answered because predates modern nation states",12.526,46.223,83.124,14,Colonization and free trade because they had luxury goods that other countries would trade for natural resources. Also larger navy to enforce ,2.52,162.78,190.481,3,"Cyclical, soil degradation, falsified studies, incentives for global corporate fascism to circumvent nation states by exaggerating effects to justify transnational law",32.08,258.962,277.879,6,"Becomes more difficult to communicate with academics. Flooding, wild fires, draught. Deprivation of civil liberties and self governance",3,8,2,5,4,3,3,5,4,6,,2,,7,5,3,,3,,,,3,1,,2,,5b66c8d4cda8590001dafb0c
10/4/2023 18:30,10/4/2023 18:45,0,100,917,1,10/4/2023 18:45,R_1C164spunM5skwR,5dd396e15a40f2398c38e0e7,11.744,218.984,221.09,3,"Personal freedoms, ever growing populations, democracy, and business competition.",16.5,90.539,161.7,7,"Poorer countries have less natural resources than other countries deem as valuable and would, therefore, trade with them ",36.951,96.293,96.901,3,They either grew or manufactured them or traded with other countries to acquire the goods they needed.,10.301,10.301,55.2,1,Rising temperatures are due to humans.,2.301,189.436,190.203,2,"Rising temps would melt the polar ice caps causing large scale flooding in all costal areas, it would change the ocean currents which would lead to weather changes. There would be less food because of all of these changes and changes in weather might cause another ice age.",6,7,8,6,4,6,4,7,1,6,,1,,5,2,2,,1,,,1,,1,,2,,5dd396e15a40f2398c38e0e7
10/4/2023 18:30,10/4/2023 18:46,0,100,981,1,10/4/2023 18:46,R_vNACwVVVENVLg3f,611ab91a00baa062f55b86d8,1.106,1.106,135.201,1,"I think western nations were quick to develop industrialization and advanced trading systems which allowed these countries to build and accumulate wealth. With increased wealth, leads to increased opportunities that can result in a higher standard of living. More wealth led to more opportunities and resources to develop economies, infrastructure, jobs, etc.",1.118,152.199,172.594,4,"Like I said, Western countries developed advanced trading and economic systems that enabled them to build and maintain wealth. I also think that race played a role. Wealthy nations tended to be ""white"" nations. Countries in which the white race is the majority has had a history of dominating other racial groups.",3.158,3.158,113.857,1,"During the industrial revolution western nations often took advantage of other nations by utilizing goods that weren't as abundant in their home countries. Not only did they use goods, western nations historically also turned to slavery (enslaving peoples of other countries and/or races) to produce goods for the country. ",1.189,1.189,153.261,1,"Temperatures are rising due to climate change. Carbon emissions causes a greenhouse gas effect on our planet. This means gasses are trapped in earth's atmosphere, causing the earth to heat up faster than usual. This is the main reason why temperatures are rising. Industrialization leads to increased carbon emissions. Motor vehicles, commercial agricultures, oil and gas production, are all sources of greenhouse gas emissions and all contribute to a warming climate.",1.551,1.551,286.475,1,"As the temperatures on earth rise, sea levels are rising and land and coastal lands are being claimed by the sea. The sea ice is melting which is detrimental to Artic ecosystems and contribute to sea level rise. Plant and animals species are having a difficult time adjusting to changing climate. Many species could perish are a result of climate change, which affects biodiversity on earth. The food sources we rely on will be affected too as crops can no longer grow in areas they once were able to. This could lead to a global food crisis. Losing land to sea level rising can lead to a housing crisis. Higher temperatures are also correlated with more extreme weather patterns and unpredictable natural disasters (wildfires, stronger hurricanes, etc.), In short, there are many consequences.",8,8,8,6,7,6,5,6,1,"5,6",,1,,7,4,2,,1,,,2,,1,,2,,611ab91a00baa062f55b86d8
10/4/2023 18:31,10/4/2023 18:46,0,100,930,1,10/4/2023 18:46,R_2aE6jFYVtXkYWz9,63d14cdff20c948a36b4ac94,3.109,110.507,126.908,10,"The ability to attract the brightest people from around the world. For reasons that are historically unfair to other nations or not, western nations were able to capitalize on what they got from their colonial past and keep attracting people from other countries. THat helps innovations and wealth to stay in those nations. ",1.143,3.506,112.168,2,"Mostly it has to do with the colonial past. However, the resources a country has has to do a lot with it too. Other countries (like the Emirates and so on) also had a colonial past to some degree, but they were able to capitalize on their natural resources. Although it also depends on the population density. ",0.919,429.787,461.825,4,It depends on the materials but mostly from colonies. ,1.052,4.296,30.785,4,"HUman production, cows, farming, and natural changes to a degree",1.068,1.755,34.789,2,"higher levels of water, wildfires, lost habitats for animals, broken food chains",6,7,7,6,7,6,6,6,4,6,,1,,8,4,3,,1,,,2,,1,,2,,63d14cdff20c948a36b4ac94
10/4/2023 18:22,10/4/2023 18:48,0,100,1543,1,10/4/2023 18:48,R_3ew6O1OYDS6d7vW,5b2ab72dc293b9000173325b,23.96,194.068,236.897,5,"Colonialism, trans-Atlantic slave trade, winning WW2, capitalism and democracy, taking advantage of people and resources in poorer countries, industrial revolution ",5.675,112.43,136.476,3,"Exploitation, sanctions/loans/punishment from the wealthier countries, ",21.374,374.131,375.516,26,"They went to countries rich in those resources and destroyed the natural habitats and communities in those areas to rapidly expand the production/extraction of desired materials. Often, local people were employed to do the work for a paltry sum or forced/kidnapped to do the work that is usually grueling and dangerous, and many people were injured or killed in the process. ",12.677,258.824,265.302,7,"- Release of carbon into the atmosphere - Human activity (burning fossil fuels, large-scale farming/livestock operations, factory emissions) - Melting of the polar ice caps (they help keep the planet cool)",1.588,47.701,112.019,2,"The inevitable heat death of the universe.

But first - natural disasters and widespread flooding",6,7,7,8,7,8,7,7,1,6,,1,,8,4,2,,1,,,2,,1,,2,,5b2ab72dc293b9000173325b
10/4/2023 18:29,10/4/2023 19:01,0,100,1930,1,10/4/2023 19:01,R_1jdB5MfqWB8Af55,61038571dce274b271203432,2.373,652.817,679.783,22,"I think factors such as rich resources as well as a headstart on industrializing lead western nations to have the standard of living that they do today. These western nations that have a high standard of living are that way because they have an advanced economy, but a base need to achieve a rich economy is access to resources. This way people are able to not only trade products with others but also invent technology that enables them to become more efficient in producing. Some of these countries also had wide reaching connections with each other, allowing them to progress even faster with the help of others.",1.28,90.425,229.003,4,"These western countries had a headstart on industrializing, which meant they were able to travel more efficiently, produce better weaponry, and therefore have the upper hand when it came to encountering more land. They were then able to overpower other countries and steal resources from them, even including people they took as slaves. This allowed them to gain more power and make more money.",28.9,28.9,155.902,1,"Much of the time, western nations were interested in stealing these goods from other, less powerful countries. If they couldn't find the resource on their land, they would venture into others' territory and take it by force. If the material was abundant on their land, they oftentimes found work to harvest it in the form of slaves from these other countries.",3.38,274.33,342.807,9,"The main cause of rising temperatures on earth is the abundance of carbon emissions produced. Many large corporations pump out extraordinary amounts of these greenhouse gasses into our atmosphere in the course of running their business. Add on the issue of deforestation and the problem becomes even worse. Without as many trees, the earth is less able to filter out some of this carbon dioxide, leaving our atmosphere at an even greater disadvantage.",1.479,206.904,332.283,13,"Many of the consequences of climate change we've already begun to see. A change in weather patterns leads to more catastrophic natural disasters, devastating cities around the globe. Dryer climates induce an increased risk of wildfire, and drastic temperature changes have brought on more tornadoes and hurricanes in recent years. Melting glaciers destroy the environment for cold climate creatures and will eventually do the same for those living in more coastal regions as the ocean levels begin to rise. The list of consequences for these rising temperatures is nearly endless.",7,6,7,4,6,7,6,7,2,6,,1,,3,2,3,,3,,,,3,1,,2,,61038571dce274b271203432
10/4/2023 19:15,10/4/2023 19:26,0,100,630,1,10/4/2023 19:26,R_vx0pjWF9YzMPSFP,63fe38bfab28b75385783fba,2.831,2.831,25.72,1,I think both countries came out of a revolution around the same time (the late 1700s) which forced a new way of thinking and living?,1.613,1.613,60.417,1,US and Britain are well-established countries who have historically kept their power through force and colonization of colored people. Folks in Haiti and Indonesia are still recovering from the oppression and lack of development that came with being colonized. ,20.918,20.918,51.106,1,I would think they used labor from countries where production of such raw material was easy to make and inexpensive to ship. My guest is somewhere in Asia?,2.686,2.686,22.556,1,Is it when the earth's center heats up?,1.668,1.668,25.571,1,Global warming and extreme weather conditions are the consequences - resulting in displacement and disaster,6,7,6,4,6,5,6,5,3,3,,2,,8,4,2,,1,,,2,,1,,2,,63fe38bfab28b75385783fba
10/7/2023 16:15,10/7/2023 16:20,0,100,306,1,10/7/2023 16:20,R_DwWGJNoxLDpyUw1,5d1fee93a3262d0019af14d2,12.128,38.642,58.322,4,Scientific advances as well as a shared goal and most followed same religion so that had similar ideas ,2.878,2.878,22.333,1,Due to previous empires's wealth and industies,10.764,32.239,35.156,2,"The retrieved the materials through trade, through their colonies, slavery",1.315,63.28,64.836,4,The release of greenhouse taxes and use of fossil fuels.,1.059,22.222,23.545,2,slowly both the ecosystem and climate will change which will lead to less water and food,7,8,8,6,6,7,5,6,2,5,,2,,6,5,2,,1,,,2,,1,,2,,5d1fee93a3262d0019af14d2
10/7/2023 16:16,10/7/2023 16:21,0,100,279,1,10/7/2023 16:21,R_2BfCtTok80j0vL0,5ec21a32769446521c747ddd,3.847,3.847,24.937,1,Building a profitable and successful society.,2.631,3.887,43.051,2,"Some countries have a more structured government and corporate relationship, where profits are a main focus.",7.412,7.412,33.34,1,They sourced the materials from countries less well off then themselves.,3.645,26.701,27.228,2,Climate change is mainly caused by the pollution we create.,1.495,1.495,52.492,1,They negatively impact the environment which in turn hurts our food supply.,6,7,8,7,5,6,6,7,2,6,,2,,3,4,2,,1,,,1,,1,,2,,5ec21a32769446521c747ddd
10/7/2023 16:16,10/7/2023 16:21,0,100,274,1,10/7/2023 16:21,R_phN9S612wHddkSl,5eb9ea44968b651244404aac,8.173,8.173,24.746,1,I have no clue. ,1.246,20.088,21.161,9,I assume oil and colonism.,11.132,11.132,45.082,1,"I do not know
Did they source from poor countries.",3.775,3.775,34.149,1,Methane and greenhouse gases produced by humans.,1.34,26.096,27.422,2,Abnormal weather patterns and temperatures. More natural disasters.,8,8,8,8,7,8,7,6,2,6,,1,,8,4,2,,1,,,2,,1,,2,,5eb9ea44968b651244404aac
10/7/2023 16:16,10/7/2023 16:21,0,100,293,1,10/7/2023 16:21,R_1mDk4pRxZHRxftQ,5626a6cfddff3c0011bcd3d8,1.206,1.206,69.812,1,"Democratic governments, reliance on slavery and colonization to bring in income, revolutions against unjust governments raising living standards.",0.867,1.961,43.168,2,Some countries benefited from colonization and slavery while other countries were victims of it. Some governments are corrupt and pocket money the country makes while leaving the country poor.,0.799,3.897,24.659,3,They used slavery and colonies which were also full of slaves to source these goods.,0.867,0.867,22.895,1,Human driven climate change,1.531,1.531,28.084,1,"Species extinction, melting sea caps, rising oceans, geopolitical conflicts, loss of crops",7,8,7,6,7,6,4,6,3,6,,3,,7,2,1,,1,,,2,,1,,2,,5626a6cfddff3c0011bcd3d8
10/7/2023 16:16,10/7/2023 16:22,0,100,328,1,10/7/2023 16:22,R_3kA4CEhvCx4gtoG,60fdff50093041437b3368c6,8.928,32.058,41.416,6,"Their economy, culture, and values",2.897,2.897,25.703,1,The UK invaded and imperialized other countries in order to gain wealth,0.884,9.644,44.605,2,Maybe they outsourced?,3.168,29.3,30.292,2,Use of fossil fuels and air pollution creating holes in the ozone layer,0.962,80.972,81.798,14,"Can cause glaciers and icecaps melting, leading to rising sea levels. Rising sea levels could eradicate areas that are at or below sea level (e.g. Florida). Also, it can create unpredictable natural disasters (e.g. increased wildfires, stronger hurricanes)",8,8,8,4,7,6,5,4,4,"6,7",,1,,8,4,1,,1,,,1,,1,,2,,60fdff50093041437b3368c6
10/7/2023 16:17,10/7/2023 16:22,0,100,273,1,10/7/2023 16:22,R_UaOxAAwS8lmi69b,5f87dcb62285ab2277e2d15e,1.005,6.526,29.96,8,"Economy size and the size of their armies? I don't really know, just guessing here about what I would assume is the reasoning.",0.749,3.26,26.248,7,"They had more resources and were able to use those resources, while the other countries weren't able to develop their resources or didn't have the ability to develop them.",0.617,7.9,21.951,15,They bought or took them from other countries who didn't have the abilities to use these resources.,0.94,1.959,23.143,3,"global warming, the ebb and flow of the earths temperatures.",0.894,41.772,42.987,8,"Things will become hotter for longer, floods, and other sorts of natural disasters will become higher as well as the thawing of frozen areas which will make the oceans more volatile. ",6,6,6,3,3,5,3,4,4,6,,2,,3,3,3,,3,,,,2,1,,2,,5f87dcb62285ab2277e2d15e
10/7/2023 16:15,10/7/2023 16:22,0,100,386,1,10/7/2023 16:22,R_3MEdJIJBylg1wFv,5ec5a42a646f515ef0e3f68b,0.721,0.721,29.958,1,"Strong economy, well educated populations, strong consumerism",5.301,5.301,48.075,1,"Political and economic power, population size, ties to other nations",0.797,0.797,100.867,1,Importing or farm growing,0.702,0.702,29.345,1,"Climate change, release of carbon emissions into the atmosphere thanks to cars, energy use, aviation",1.601,1.601,23.762,1,"Worsening climate change, increase in ocean temperature, strengthening storms and natural disasters",8,7,6,6,5,6,5,6,2,2,,1,,7,4,2,,1,,,2,,1,,2,,5ec5a42a646f515ef0e3f68b
10/7/2023 16:18,10/7/2023 16:22,0,100,248,1,10/7/2023 16:22,R_3GE9EN5oWpybk95,56a40b90582971000c7b49b7,8.831,8.831,35.901,1,"Technology, power, desire to be envied ",2.81,28.62,30.601,2,"gross domestic product,
Military 
Population
Taxes
",13.896,31.065,31.542,3,They used workers. They used immigrants and paid them low wages ,3.028,32.251,32.601,5,Human causes activities. Humans are burning fossil fuels and causing greenhouse gases to be emitted into the atmosphere. ,1.577,1.577,36.054,1,"Higher temps, more frequent weather disasters, melting icecaps, Extinction of species ",8,8,8,7,6,7,7,7,1,2,,2,,7,3,2,,1,,,2,,1,,2,,56a40b90582971000c7b49b7
10/7/2023 16:19,10/7/2023 16:22,0,100,193,1,10/7/2023 16:22,R_3es2zt2Yf0c0lXO,63d73ed8b1c15ff155c74597,12.201,12.201,30.382,1,"the industrial revolution, colonization",1.646,1.646,21.933,1,"assets, military power",7.81,7.81,22.302,1,people worked to gather the raw materials,1.599,1.599,21.81,1,"the cycle of seasons, climate change",1.152,1.152,24.891,1,"change of environments, ice caps melting",7,7,7,7,7,7,7,7,2,4,,2,,7,4,4,,2,,2,,,1,,2,everything was fine.,63d73ed8b1c15ff155c74597
10/7/2023 16:16,10/7/2023 16:22,0,100,362,1,10/7/2023 16:22,R_2WvewhSQqiA0weK,5d901b10d7a21a001d635d12,26.428,26.428,46.396,1,The motivation for freedom and a better life.,5.295,5.295,37.276,1,Conquering other lands and winning wars.,4.437,56.892,57.489,2,Importing good from other countries and slavery.,4.442,4.442,35.144,1,The pollution caused by corporations.,1.553,39.618,41.295,2,The rising water levels would destroy people's homes.,3,4,4,3,3,3,4,3,4,6,,2,,7,3,3,,3,,,,3,1,,2,,5d901b10d7a21a001d635d12
10/7/2023 16:18,10/7/2023 16:22,0,100,288,1,10/7/2023 16:22,R_x4rsCOtUFujE3Jv,55592838fdf99b20c5db3db8,13.371,27.575,46.902,5,People leaving their countries with low standards wanting something better,1.018,6.143,37.997,3,More advanced societies where people can work on gaining wealth rather than surviving ,7.054,14.377,21.397,4,They were imported,3.029,7.042,30.848,2,Global warming (1),1.195,1.195,21.14,1,"Ice caps melting, heat wave deaths",7,7,7,5,5,5,5,5,3,2,,2,,7,4,2,,1,,,2,,1,,2,,55592838fdf99b20c5db3db8
10/7/2023 16:17,10/7/2023 16:22,0,100,324,1,10/7/2023 16:23,R_1IbZ8wyNM5x6dLQ,56f1d53bf2df32000b8f3748,1.004,65.265,66.312,3,"Much of it was having the highest concentrations of wealth from previous periods. Being slaveholders/explorers and using other nations to grow your own gives you a leg up. They are also some of the longest ""stable"" democracies in the world.",0.874,0.874,48.485,1,Many of the wealthier nations enslaved/conquered the poorer nations before they had independence. Systemically draining a nation of resources to fuel your own is something as old as time.,0,0,49.318,0,"Most of them were either grown on the homeland and harvested by a combination of natives and slaves, or the resources were taken by force from other nations, or through trade with other trading nations.",0,0,45.993,0,"Most of the cause is from humans ruining the environment in various ways. Pollution, waste, deforestation, exhausting natural resources. All of this is very damaging to the planet in a sense of human survival.",0,0,40.405,0,"Everyone is going to die because of it, human extinction. The weather will cause the Earth to become inhospitable to human life, at least for awhile, and we will die out. Other things will take our place.",8,8,8,6,6,8,7,8,2,6,,2,,3,2,1,,1,,,1,,1,,2,,56f1d53bf2df32000b8f3748
10/7/2023 16:16,10/7/2023 16:23,0,100,395,1,10/7/2023 16:23,R_1gkIjmqGiJR0Pz3,62ba2675348cc2f1e5dcdfdb,23.131,23.131,72.893,1,Probably an extremely fast pace of technological advancement coupled with top quality health care.,1.756,37.282,37.847,3,They manufacture products that are in high demand and they pay their workers more.,16.445,16.445,53.988,1,They probably exported them from the burgeoning United States.,1.273,2.665,34.338,2,Nature climatic variation and pollution by humans.,1.605,1.605,30.997,1,The extinction of species and rising sea levels.,8,8,8,8,8,8,8,8,1,6,,2,,7,1,4,,2,,2,,,1,,2,,62ba2675348cc2f1e5dcdfdb
10/7/2023 16:18,10/7/2023 16:23,0,100,272,1,10/7/2023 16:23,R_DV7cadH4yfn8FBn,5654175604212700054a12b1,3.044,3.044,36.409,1,Geography and natural advantages created wealth that lead to a high standard of living,2.065,65.599,65.966,2,They had sustained historical advantages in natural resources and imports and exports,1.058,28.039,28.231,2,They sources it through slave labor and importing,0.97,27.377,27.568,5,The causes of rising temperatures on earth are from deterioration of the ozone layer caused by green house gasses ,0.733,27.984,28.188,2,"The causes of rising temperatures are melting of icebergs, raised water levels, and more frequent and severe weather",6,8,8,6,4,6,4,6,2,2,,2,,3,2,1,,1,,,1,,2,South Korea,2,,5654175604212700054a12b1
10/7/2023 16:17,10/7/2023 16:23,0,100,346,1,10/7/2023 16:23,R_2A0XUhTUGRNpquW,616f0b4cde85d60d1d2cb938,0.828,0.828,38.712,1,"The industrial revolution, better farm land, access to water transportation.",0.814,0.814,32.106,1,Cultures and historical governments that are much more stable,6.526,6.526,37.33,1,They got them from their colonial nations or by buying them on the open market,0.645,25.861,45.452,3,Natural cycle and human pollution factors,0.997,35.156,35.886,3,rising water temperatures and sea levels,4,6,6,3,3,6,2,3,4,6,,2,,7,4,4,,3,,,,2,1,,2,,616f0b4cde85d60d1d2cb938
10/7/2023 16:17,10/7/2023 16:23,0,100,363,1,10/7/2023 16:23,R_SHsGYUo8TjKSC9H,6304f645ccf034d5620eb876,5.062,44.335,46.213,5,"I think factors include the cost of living, the economics, and society as a whole. ",1.128,2.612,31.114,4,"Some factors would be the amount and quality of jobs available, also how economically stable the country is as a whole.",3.199,28.709,28.742,4,I'm not sure but if I had to guess I would say they sourced it from poorer countries.,2.195,2.195,55.993,1,I think industrialism is a big cause and corporations causing pollution.,0.704,1.136,26.994,3,"Global warming, hotter temperatures and ruining ecosystems",2,5,5,6,5,5,5,5,5,"5,6",,1,,3,2,3,,4,,,,3,1,,2,,6304f645ccf034d5620eb876
10/7/2023 16:16,10/7/2023 16:23,0,100,434,1,10/7/2023 16:23,R_1CBnyg8y7lDhsyo,5c1c74700036a80001193c24,12.636,12.636,33.132,1,No idea. My guess is it has something to do with treatment in the past.,1.044,34.74,35.392,5,Capitalism? US and Britain are pretty capitalist countries compared to places like Haiti and Indonesia.,15.104,15.104,22.854,1,Trade from other countries.,1.598,43.718,45.44,4,"Global warming is kind of a natural part of our planet's cycle, but industry is definitely speeding it up at a potentially catastrophic rate.",1.231,1.231,35.253,1,"Heatwaves, wildfires, melting of the ice caps, flooding, death of weaker animals and humans who can't take the higher temperatures.",7,7,8,7,7,7,3,6,4,"2,6",,1,,4,2,1,,5,Socialist,,,1,1,,2,N/A,5c1c74700036a80001193c24
10/7/2023 16:17,10/7/2023 16:23,0,100,382,1,10/7/2023 16:23,R_3I9yueLQRY2z825,6140dea8067c02a3d56a52d9,3.859,86.741,88.039,7,"The high standard of living in Western nations, such as the United States and France, can be attributed to a complex interplay of historical, economic, social, and political factors. Here are some of the key factors that have contributed to their high standards of living:

Industrialization: The Industrial Revolution, which began in the late 18th century in Western nations, played a pivotal role in transforming their economies. This period saw significant advancements in technology, manufacturing, and transportation, leading to increased productivity and economic growth.

Capitalism: Western nations have largely embraced capitalist economic systems, characterized by private ownership of businesses, free markets, and competition. Capitalism has incentivized innovation, entrepreneurship, and investment, leading to economic prosperity.

Education and Innovation: Investment in education and research has been a hallmark of Western societies. Well-funded educational institutions and a culture of innovation have allowed these nations to lead in scientific and technological advancements.

Political Stability: Political stability and the rule of law are essential for economic growth. Western nations have generally enjoyed stable political systems, which encourage investment and entrepreneurship.

Social Welfare Programs: Many Western countries have robust social welfare programs that provide citizens with access to healthcare, education, and unemployment benefits. These programs help reduce poverty and promote a high quality of life.

Infrastructure Development: Western nations have invested heavily in infrastructure development, including transportation networks, communication systems, and public utilities. These investments improve the overall quality of life and support economic activity.

Global Trade and Market Access: Western nations have historically been active participants in global trade. Access to international markets has facilitated economic growth and increased standards of living.

Natural Resources: Some Western countries, like the United States, have abundant natural resources, which have contributed to their economic prosperity. However, it's important to note that not all Western nations are resource-rich.

Cultural Factors: Western societies often emphasize values such as individualism, personal freedom, and entrepreneurship, which can drive economic growth and innovation.

Welfare State and Social Safety Nets: Many Western countries have established comprehensive welfare states and social safety nets to protect citizens from poverty, illness, and unemployment. These programs contribute to a higher standard of living by reducing income inequality and providing a safety net for those in need.

Globalization: Western nations have been at the forefront of globalization, benefiting from the expansion of markets, trade, and investment opportunities worldwide.

Military and Geopolitical Influence: Some Western nations, particularly the United States, have maintained significant military and geopolitical influence, which can help protect their economic interests and promote stability.

It's important to note that while Western nations have achieved high standards of living on average, there are still disparities within these countries, and not all citizens enjoy the same level of prosperity. Additionally, economic and social policies can vary significantly between Western nations, leading to variations in standards of living.",11.907,14.182,36.959,3,"The wealth disparity between countries, such as the United States and Britain compared to countries like Haiti and Indonesia, can be explained by a combination of historical, economic, social, and political factors. Here are some of the key factors that contribute to this wealth gap:

1. **Historical Factors**:
   - **Colonialism**: Some countries, particularly in Africa, Asia, and the Americas, experienced centuries of colonial rule that exploited their resources and labor, leaving them with economic and social disadvantages.
   - **Imperialism**: The expansionist policies of certain Western powers led to the extraction of wealth and resources from colonies, further exacerbating economic disparities.

2. **Economic Factors**:
   - **Economic Structure**: The economic structure of a country, including its industries, trade policies, and economic diversification, plays a significant role in determining its wealth. Developed countries often have diverse and advanced industries.
   - **Access to Global Markets**: Countries that have better access to global markets can export their goods and services more easily, promoting economic growth.
   - **Natural Resources**: The presence or absence of valuable natural resources can significantly impact a country's wealth. Countries with abundant natural resources may have a comparative advantage in certain industries.

3. **Social Factors**:
   - **Education and Human Capital**: The level of education and skills of a country's population is crucial for economic development. Investment in education and training can lead to a more productive workforce.
   - **Healthcare and Quality of Life**: Access to healthcare, a low disease burden, and overall quality of life contribute to a country's economic productivity.
   - **Income Inequality**: High levels of income inequality can hinder economic growth and lead to social and political instability.

4. **Political Factors**:
   - **Political Stability**: Countries with stable political environments tend to attract more investment and experience higher economic growth.
   - **Governance and Corruption**: Effective governance and low levels of corruption are associated with economic prosperity.
   - **Property Rights and Rule of Law**: A strong legal framework and protection of property rights are essential for economic development and attracting foreign investment.

5. **Geographical Factors**:
   - **Climate and Geography**: Geography can impact a country's agriculture, infrastructure, and vulnerability to natural disasters, which can affect its economic development.
   - **Landlocked Status**: Landlocked countries may face higher transportation costs for international trade, which can be a barrier to economic growth.

6. **International Relations**:
   - **Trade Agreements**: Participation in trade agreements and economic partnerships can boost a country's exports and economic growth.
   - **Foreign Aid**: International aid and assistance from developed countries can provide crucial resources for development in less wealthy nations.

7. **Cultural Factors**:
   - **Social Norms and Values**: Cultural factors, such as work ethic, attitudes toward entrepreneurship, and willingness to take risks, can influence a country's economic development.

8. **Technological Innovation**:
   - **Access to Technology**: Access to and adoption of advanced technology and innovation can significantly impact a country's economic productivity.

It's important to note that these factors interact in complex ways, and the relative importance of each factor can vary from one country to another. Moreover, some countries may face unique challenges or advantages that are not easily categorized. Addressing wealth disparities often requires a combination of domestic policies and international cooperation to promote economic development and reduce poverty.",3.459,3.645,24.389,2,"During the Industrial Revolution, Western nations, particularly Britain, sourced raw materials for industrial production through a combination of means, including domestic production, colonization, trade, and innovation in transportation. The availability of these raw materials was crucial for the growth of their industrial economies. Here's how they sourced some key raw materials:

1. **Domestic Production**: Western nations often relied on domestic sources for raw materials when possible. For example:
   - **Coal and Iron**: Coal and iron were vital for industrialization. Western countries, particularly Britain, had significant domestic reserves of coal and iron ore, which fueled the growth of their iron and steel industries.

2. **Colonialism and Imperialism**:
   - **Cotton**: Cotton, a critical raw material for the textile industry, was initially sourced from plantations in the American South. British textile mills heavily depended on cotton imports from the United States, often through colonial and trade relationships.
   - **Rubber**: Natural rubber was sourced from rubber-producing regions such as the Amazon basin in South America, the Congo basin in Africa, and Southeast Asia. Western nations established control or influence in these regions through colonialism and exploited these resources.
   - **Tea, Coffee, and Spices**: Western powers, including Britain, sourced tea, coffee, and spices from colonies in Asia and Africa. These commodities became important for trade and consumption in Western markets.

3. **Innovation in Transportation**:
   - **Steamships and Railroads**: The development of steam-powered transportation, such as steamships and locomotives, played a crucial role in improving the transportation of raw materials. Steamships made it easier to transport goods across oceans, while railroads revolutionized land-based transportation, enabling the movement of raw materials from interior regions to industrial centers.

4. **Trade Networks**:
   - **Trade Routes**: Western nations established extensive trade networks to facilitate the import of raw materials. These trade routes often connected the industrializing nations with their colonies and trading partners around the world.
   - **Trade Agreements**: Western countries also negotiated trade agreements with other nations to secure access to raw materials and expand their markets.

5. **Innovation in Processing**:
   - **Textile Mills**: Innovations in textile machinery, such as the spinning jenny and power loom, allowed Western nations to process raw cotton more efficiently and increase textile production.
   - **Chemical Processes**: Advancements in chemical processes, such as the production of synthetic dyes and fertilizers, reduced the reliance on certain natural resources.

6. **Labor**: Western nations often had access to a large labor force, both in their domestic populations and, in some cases, through immigrant labor, which contributed to increased production of goods.

It's important to note that the Industrial Revolution had profound social and economic consequences, not only in the Western nations but also in the regions from which raw materials were sourced. Colonization and exploitation of resources in these regions often had negative impacts on local populations and cultures. Additionally, the Industrial Revolution contributed to significant changes in labor practices, urbanization, and living conditions in industrialized Western countries.",28.476,28.476,40.422,1,global warming and climate shift,4.554,5.001,28.01,4,"Rising temperatures on Earth, often referred to as global warming or climate change, have a wide range of consequences that impact the environment, ecosystems, human societies, and the economy. These consequences are the result of increased greenhouse gas emissions, primarily carbon dioxide (CO2) from human activities such as the burning of fossil fuels, deforestation, and industrial processes. Here are some of the key consequences of rising temperatures:

1. **Temperature Extremes**:
   - **Heatwaves**: Rising temperatures lead to more frequent and severe heatwaves, which can have deadly consequences for vulnerable populations, damage crops, and strain energy and healthcare systems.

2. **Melting Polar Ice and Glaciers**:
   - **Sea Level Rise**: The melting of polar ice caps and glaciers contributes to rising sea levels, which can lead to coastal erosion, increased flooding, and the displacement of coastal communities.

3. **Ocean Warming**:
   - **Coral Bleaching**: Warmer oceans can cause coral bleaching events, threatening marine ecosystems and the livelihoods of communities dependent on coral reefs.
   - **Disruption of Marine Food Chains**: Ocean warming can disrupt marine food chains and impact the distribution of marine species, affecting fisheries and ocean ecosystems.

4. **Extreme Weather Events**:
   - **Increased Intensity and Frequency**: Rising temperatures contribute to more intense and frequent extreme weather events, including hurricanes, droughts, floods, and wildfires, which can result in significant damage to infrastructure, agriculture, and human lives.

5. **Changes in Precipitation Patterns**:
   - **Droughts**: Many regions experience more prolonged and severe droughts, which can lead to water scarcity, reduced crop yields, and food insecurity.
   - **Increased Rainfall**: In some areas, rising temperatures can lead to heavier rainfall and increased risk of flooding.

6. **Impact on Ecosystems and Biodiversity**:
   - **Species Extinction**: Shifts in temperature and habitat disruption can lead to the extinction or relocation of species, disrupting ecosystems and reducing biodiversity.
   - **Altered Migration Patterns**: Many species are changing their migration patterns, which can affect ecosystems and the availability of resources for both wildlife and humans.

7. **Health Impacts**:
   - **Heat-Related Illnesses**: Increased temperatures can lead to heat-related illnesses and deaths, particularly among vulnerable populations like the elderly and those with preexisting health conditions.
   - **Spread of Diseases**: Warmer temperatures can expand the range of disease-carrying vectors like mosquitoes, increasing the transmission of diseases such as malaria and dengue fever.

8. **Food and Agriculture**:
   - **Crop Failures**: Changes in temperature and precipitation patterns can lead to reduced crop yields and increased crop failures, impacting global food production and food prices.

9. **Economic Implications**:
   - **Infrastructure Damage**: Increased frequency of extreme weather events can result in extensive damage to infrastructure, leading to significant economic costs for governments and communities.
   - **Increased Insurance Costs**: The rising frequency and severity of climate-related disasters can lead to higher insurance premiums, affecting the affordability of insurance for individuals and businesses.

10. **Displacement and Migration**:
    - Rising sea levels and environmental disruptions can force communities to relocate, leading to internal and cross-border displacement, with social and geopolitical implications.

11. **Water Resources**:
    - Changes in temperature and precipitation can affect the availability of freshwater resources, leading to water scarcity in many regions.

It's important to note that the consequences of rising temperatures are interconnected, and they can have cascading effects on multiple aspects of the environment, society, and the economy. Mitigating these consequences requires global efforts to reduce greenhouse gas emissions, adapt to the changes that are already occurring, and implement sustainable practices to protect the planet and its inhabitants.",6,7,5,6,4,4,5,6,3,6,,2,,7,5,1,,1,,,2,,1,,2,,6140dea8067c02a3d56a52d9
10/7/2023 16:17,10/7/2023 16:23,0,100,369,1,10/7/2023 16:23,R_3PmICRIKdJUrKtW,5eda86226763346ac679ca5f,6.559,6.559,39.537,1,i think winning world War 2 was a huge factor in the west becoming dominant ,4.846,91.957,92.724,4,"most countries are historically ""too big to fail"" unlike the smaller less developed ones. also some countries have lots of natural resources they can use to leverage power. ",9.689,57.662,60.262,10,"like any other nation of the time was getting things done on a mass level, slavery. ",4.171,4.171,51.36,1,"human factors like pollution, especially from asia. also big companies account for alot of harm to the environment ",0.946,9.616,23.446,2,we all die because nothing grows ,6,7,6,7,3,7,3,6,4,6,,2,,5,3,2,,1,,,2,,1,,2,,5eda86226763346ac679ca5f
10/7/2023 16:17,10/7/2023 16:24,0,100,374,1,10/7/2023 16:24,R_3HojdDs7i8VJAuH,62950530ff3a463d536e764d,8.892,8.892,64.629,1,These countries started with a high level of wealth in the past. This has led them to continuing their high level of wealth. They also colonized other countries in order to extract their wealth.,4.116,28.544,72.892,6,"Some of the poorer countries were colonies that had all their wealth taken from them. Instead of being able to use their own natural resources, they were stolen for far below value.",7.979,7.979,36.378,1,They extracted them from poorer countries often stealing or paying far below what the market should have valued those goods at.,2.155,2.155,35.526,1,Carbon emissions primarily. This has caused sea temperatures to rise and increase the overall earth temperature.,1.453,1.453,22.302,1,"More extreme weather events, rising sea levels, more drought and famine.",7,8,8,8,6,8,7,8,2,6,,2,,7,3,1,,1,,,1,,1,,2,,62950530ff3a463d536e764d
10/7/2023 16:17,10/7/2023 16:24,0,100,399,1,10/7/2023 16:24,R_3FPeG2f7ngpthhn,60ef44f89b4d67be02d8eca9,6.993,63.535,68.269,2,Access to natural resources and energy resources as well as a political system that protected property rights and capital rights allowed high standards of living to develop in those western countries.,4.305,4.305,70.839,1,The factors that led some countries to be much wealthier than other countries is how those countries invested in international trade and established business and shipping routes around the world. The fact that those countries also had a government that protected business interests helped make those countries wealthier.,7.798,7.798,41.478,1,The took those raw materials from other countries to produce industrial goods by using slave labor and indentured servitude to force others to gather those raw materials for those countries and their businesses.,3.16,3.16,54.39,1,The causes of rising temperatures on earth are the rising levels of greenhouse gases in the atmosphere that trap radiant energy inside the earth's atmosphere for longer primarily caused by human greenhouse gas emissions on a large scale.,0.775,0.775,24.575,1,The main consequences of rising temperatures on earth are rising temperatures and more extreme weather events and flooding around the world.,8,8,8,6,7,6,2,6,3,6,,2,,9,5,2,,1,,,2,,1,,2,I have no additional feedback or thoughts to share about this study now.,60ef44f89b4d67be02d8eca9
10/7/2023 16:17,10/7/2023 16:24,0,100,429,1,10/7/2023 16:24,R_3DySPWcASJgfsM9,60fee8accc3a1247684fbe16,1.032,1.032,55.559,1,"Affordable healthcare for all, less homeless population, higher wages",1.428,1.428,32.923,1,"taxes are higher, tourism",1.303,67.064,99.317,3,"Slavery was used to get crops, they were forced to use the farming machines to harvest materials and people worked in factories to produce the goods",1.226,56.946,57.681,2,"Climate change. The greenhouse gases cause the earth to heat up more, including the ocean. It throws off our whole ecosystem and leads to more severe weather situations. ",1.094,1.094,69.283,1,"More severe weather situations such as hurricanes and flooding, food sources depleting because crops have less harvest, higher energy use to cool down places, coral reefs bleaching and dying.",7,7,7,6,5,6,6,6,2,6,,1,,7,3,1,,1,,,2,,1,,2,,60fee8accc3a1247684fbe16
10/7/2023 16:18,10/7/2023 16:24,0,100,375,1,10/7/2023 16:24,R_3EHbGkbyt8KSs9O,58374b8ee6c5830001c2a6d0,9.969,89.773,126.968,2,determination and drive to develop technicological advances to promote humanity.,7.232,7.232,34.247,1,One factor that some countries are wealthier than others is capitalism,15.533,15.533,54.315,1,with military domination throughout the world to capture and control areas with the needed resouces.,1.98,1.98,36.383,1,solar output from the sun.  internal heat output from earth.,1.784,1.784,22.778,1,eventual death of all living things on the planet.,2,4,2,2,2,2,2,2,5,6,,2,,7,4,4,,2,,1,,,1,,2,,58374b8ee6c5830001c2a6d0
10/7/2023 16:16,10/7/2023 16:24,0,100,482,1,10/7/2023 16:24,R_1mPpiANWugkiYpq,5fc1ffc15478a5319b85ecd2,19.557,19.785,26.743,2,I have no clue,8.906,9.144,56.885,2,I feel other countries are wealthier than others because they have stricter laws and higher standard  of living. ,28.622,28.848,71.266,2,I would have to say they farmed and harvested them. ,7.053,7.322,54.451,2,Pollution and  the rising population is the cause of the earths temperatures rising. ,3.443,3.705,45.832,2,Global warming which is depleting the ozone layer which protects is from the sun rays. ,7,8,7,3,5,7,3,3,5,6,,1,,3,2,3,,3,,,,3,1,,2,Have a great day! ,5fc1ffc15478a5319b85ecd2
10/7/2023 16:17,10/7/2023 16:24,0,100,410,1,10/7/2023 16:24,R_4HkGs624GGyClNv,63d7e5f60432d71a6670d0ba,7.846,7.846,49.968,1,Imperialism and exploitation of other peoples gave Western countries the advantage of creating the highest living standards,1.73,1.73,66.529,1,"Imperialism and exploitation of other peoples, use of their raw materials/resources helped these countries gain wealth ",6.969,6.969,60.973,1,"These nations sourced raw materials from other people they exploited for cheap or free labor, from other countries overseas whom they subjugated",2.252,2.252,47.236,1,"Rising temperatures on earth, while possibly caused in part from natural phenomena, is directly attributed to greenhouse gas emissions due to humans.",1.381,47.285,48.818,4,"Rising temperatures on earth are making the icecaps melt, raising sea levels, but most importantly is making weather more erratic and different from what we were previously used to.",7,8,8,6,6,6,4,6,2,6,,2,,7,4,2,,1,,,2,,1,,2,,63d7e5f60432d71a6670d0ba
10/7/2023 16:17,10/7/2023 16:24,0,100,400,1,10/7/2023 16:24,R_TaSi9hq6xcIY2Ax,5f0fa5d6f1db6e19c7702e0d,4.779,4.779,46.847,1,"Colonialization, Innovation, Resources, Money, Education",1.304,1.304,43.991,1,"less corruption, more resources, education",1.69,55.934,65.894,3,"railroads, factories, cotton gin",1.485,1.485,51.658,1,"human activity in terms of using gas-powered devices, natural disasters",0.851,0.851,62.771,1,"less environmental safety, more natural disasters, more drastic changes in temperature, overall hotter climates, damages to forests",3,6,6,3,3,3,2,3,5,2,,2,,7,3,4,,3,,,,2,1,,2,,5f0fa5d6f1db6e19c7702e0d
10/7/2023 16:16,10/7/2023 16:24,0,100,483,1,10/7/2023 16:24,R_TtkPwOll3FAvBex,5ec72400483e5c167eefd1b0,9.138,14.192,60.067,4,"The Industrial Revolution, the cotton gin, WW2 all boosted western nations in the long run ",4.84,19.828,76.239,2,"Wealthier countries typically took over the other countries by force at one point and even when rebellions happened, they retained some form of import export",0.629,55.555,82.285,4,The cotton gin was huge with this. It showed that mechanical means could be used to do manual labor and other industries followed suit,11.302,11.302,42.711,1,Natural temperature fluctuations and excess man made gasses.,1.552,9.88,29.713,2,"Life starts to cease to exist. Melted polar ice caps, rising sea levels, changing in weather",6,7,7,6,6,5,5,5,4,"1,6",,2,,7,4,2,,1,,,1,,1,,2,,5ec72400483e5c167eefd1b0
10/7/2023 16:15,10/7/2023 16:24,0,100,543,1,10/7/2023 16:24,R_2AWMHIK6YAwWJ0C,5b0d1b8e444cef0001ca66ac,4.804,4.804,77.791,1,I don't know. I guess because they're wealthy and the governments are kind of democratic. ,19.547,19.547,58.005,1,I guess because they're world powers which I guess means military might,1.824,1.824,32.146,1,I think they colonized and/or enslaved the nations that produce raw materials,2.239,2.239,85.633,1,Social media and what news I notice seem to say it's because of people and they really like to blame cows a lot. I've never looked into it but have been curious about how much of it's just natural. I thought earth climate just naturally changes - like how we've had ice ages and such in the past. ,1.407,1.407,50.801,1,I think food production could become an issue if plants can't survive the heat,6,6,7,5,3,5,6,5,3,6,,1,,5,1,2,,1,,,2,,1,,2,,5b0d1b8e444cef0001ca66ac
10/7/2023 16:16,10/7/2023 16:24,0,100,479,1,10/7/2023 16:24,R_3HuAJWwEQMQT2zB,632a55ec20348fa9e5caaa3f,2.672,2.672,71.383,1,Early opportunities for them to become wealthy through forced labor and the development of the scientific revolution being centered in those countries.,3.274,3.274,27.345,1,Early building of wealth through colonization and forced labor.,1.408,1.408,56.076,1,Mostly through slave labor on farms and plantations.,0.915,0.915,71.286,1,"There are several positive feedback loops that have been set in motion that are causing it, but the root cause is a higher level of carbon dioxide in our atmosphere due to human activity.",1.428,1.428,115.225,1,"Increased bleaching of coral reefs, which leads to the collapse of the ecosystem there. Droughts, Increased severe storm activity, including hurricanes, and changes in animal behaviors due to temperatures changing at different times of the year than happened previously.",8,8,8,8,6,8,7,8,1,6,,2,,7,4,1,,1,,,1,,1,,2,,632a55ec20348fa9e5caaa3f
10/7/2023 16:17,10/7/2023 16:25,0,100,462,1,10/7/2023 16:25,R_1C4nQksfV9G4sG8,5ddc3ccd108b67ba3b7efa5a,5.929,17.186,47.157,3,I really don't know but if I had to guess it would probably be the eradication of disease.,2.983,2.983,97.955,1,I believe it is because of colonialism. The countries like Britain who took control of the globe at one point have never given these other counties the ability to recover from colonialism. The royal family still make visits to those countries. Whats keep them wealthier? Keeping them down.,16.521,16.521,77.367,1,They drew resources off the backs of other people. They used slaves to make themselves rich and keep those who worked for them in poverty in order to continue to manipulate them.,4.258,4.258,32.693,1,Humans using things like cars are what is increasing temperatures on Earth. People. US. We are doing it.,1.778,1.778,93.727,1,"The consequences are changing weather patterns leading to dangerous conditions, which I am already seeing. When I first moved to where I lived over 10 years ago, it snowed every year. The last time it snowed was 4 years ago. ",7,7,7,7,7,7,7,7,2,6,,2,,6,3,2,,1,,,1,,1,,2,,5ddc3ccd108b67ba3b7efa5a
10/7/2023 16:15,10/7/2023 16:25,0,100,558,1,10/7/2023 16:25,R_3lYalSo4dVze7EE,62778bd8b195693397330c4f,8.131,57.655,200.107,12,"A competitive capitalist system enabling an open, free marketplace of ideas and the ability to create and implement new businesses. Support for scientific research and development. Growing populations. Natural resources, e.g., land, available to support industry.",4.092,65.148,78.213,3,"A tradition of a strong, reliable political system and form of governance that follows the rule of law. Political and economic stability.",22.383,22.383,64.094,1,"They were produced at home, i.e., in the American South, or imported, i.e., shipped to Britain.",1.867,1.867,31.094,1,The human production of carbon and methane in the atmosphere.,1.598,67.98,80.167,2,"Climate change - higher temperatures, rising ocean levels, changing patterns of rain and storms, higher ocean temperatures, the disruption or extinction of ecosystems and species.,",6,7,5,5,5,5,5,5,3,6,,2,,9,4,4,,2,,1,,,1,,2,no comments,62778bd8b195693397330c4f
10/7/2023 16:15,10/7/2023 16:25,0,100,566,1,10/7/2023 16:25,R_3GfUk6I9NJA64AL,5627279fddff3c000fbcd625,10.749,90.292,176.448,2,"The factors that led to the west developing a high standard of living has been the industrialization of everything, along with the manufacturing push that resulted from military conflicts.",1.575,5.041,48.245,2,The industrialization and manufacturing that it controlled by those countries leads to the massive wealth.,1.299,1.299,60.089,1,The western nations sourced the raw materials from the both internally and from outside countries in order to be able to control the manufacturing of the final goods.,2.351,2.351,66.199,1,The massive pollution generated by gigantic corporations with no regard for humanity and only focused on profits.,1.228,1.228,129.132,1,"Short term; rising sea levels, completely altered ecosystems and unusual seasons.  Long term; the destruction of life as we know it, a mass extinction event that will completely alter the planetary ecosystem.",8,8,8,7,7,8,6,7,1,"1,5,6",,2,,6,2,1,,1,,,1,,1,,2,,5627279fddff3c000fbcd625
10/7/2023 16:17,10/7/2023 16:25,0,100,496,1,10/7/2023 16:25,R_DSJzMLciM3he2pH,638476f72ab8021be345e3ac,23.4,23.4,99.348,1,I think the democracy these countries enjoy helps with good competition to bring quality ways of life.  I think people have to be free and willing to work as a country to be a great place to live.,3.145,3.145,85.813,1,"I think the way they choose to run their countries is a lot of it.  People who have corrupt leaders will suffer because their leaders do not care about them, only getting rich themselves.",18.048,18.048,58.249,1,They hired farmers and other workers to produce the crops and process them.,3.844,3.844,22.052,1,Human activity and some natural processes.,2.229,2.229,53.662,1,"Animals will go extinct, humans will have to find ways of getting through heat waves and cold spells, fires, and floods.",8,8,8,6,5,7,6,7,3,6,,1,,6,3,1,,1,,,1,,1,,2,,638476f72ab8021be345e3ac
10/7/2023 16:16,10/7/2023 16:25,0,100,558,1,10/7/2023 16:25,R_2Ufl4AIMfyoeKFi,630caf1e86e49cd599f4b53a,19.862,19.862,66.45,1,Global trade was a main factor in developing the highest standards of living in the western world.,33.054,75.552,144.264,4,"Throughout time some countries (e.g., Britian), maintained colonialism and collected taxes from other less developed countries, allowing them to become much wealthier than their counterparts.",24.839,24.839,50.887,1,Western nations would grow or import raw materials to produce industrial goods.,4.735,4.735,57.196,1,"The earth's orbital pattern that gradually draws closer to the sun over time, is one the cause of rising temperatures on earth.",2.614,62.399,70.038,3,water would evaporate causing droughts and produce unfavorable land conditions to grow crops.,6,8,7,2,6,5,2,5,5,6,,2,,3,3,3,,3,,,,3,1,,2,,630caf1e86e49cd599f4b53a
10/7/2023 16:16,10/7/2023 16:25,0,100,536,1,10/7/2023 16:25,R_24FPz8etuLPilEx,622bb5795e1ef00b5fc8908a,13.22,13.22,108,1,I would say immigrant people coming to the land of opportunity.  Money and riches developed nice things for people and it grew. ,6.41,7.139,78.934,2,"Third world countries do not have the infrastructure such as sanitation, housing, money to improve their standard of living. Clean water and food is a shortage.  ",2.448,74.49,75.557,6,Some of the raw materials were transported by ships or trains. ,4.017,5.329,72.681,2,Our mistreatment of the earth is causing climate change. How humans affect the ozone layer and pollute the earth causes temperatures to change. El Niño and el Nina affect temperature also. ,1.879,1.879,30.801,1,Melting icecaps and glaciers are a consequence of temperature change ,7,8,8,8,7,6,5,5,3,6,,1,,5,4,2,,1,,,1,,1,,2,,622bb5795e1ef00b5fc8908a
10/7/2023 16:16,10/7/2023 16:25,0,100,551,1,10/7/2023 16:25,R_28TGIlISJQ6sCLu,6507a7f5c3f0b7ab11c7cba1,5.474,5.474,44.923,1,Western nations are so successful because of the unification of its country and the many battles won.,2.093,36.423,111.26,5,"It mostly depends on supply and demand. Many third world countries have a lot of supply but not a lot of demand in there country. Although, bigger nations, have both markets in a balance.",3.393,52.27,63.479,6,Western nations sourced raw materials from third rate countries.,2.331,3.714,59.102,2,"Earths temperature rises when it is close to the sun, gaps in the ozone layer, and greenhouse gases. ",1.409,2.141,34.819,2,The consequences of a plant continuing to rise its temperature is making it inhabitable.,5,6,6,7,6,7,5,6,3,3,,2,,6,3,3,,3,,,,2,1,,2,,6507a7f5c3f0b7ab11c7cba1
10/7/2023 16:16,10/7/2023 16:25,0,100,553,1,10/7/2023 16:25,R_2uUwFJOGHguyVYq,6168b61ad8c0d63b37a92109,2.568,132.528,134.51,5,Factors that led to that included improvements in technology and intellectualism such as during the Renaissance and industrial revolution.,1.017,113.392,116.048,7,"Greater contact with the rest of the world to gain and build on technological and ideological advancements, as well as to trade resources, may have been a major cause of why some countries are much wealthier than others. ",0.679,21.452,23.202,5,The western nations either produced their own or imported from other areas of the world.,1.834,93.322,95.956,10,Increased emissions of greenhouse gases such as carbon dioxide affect the ozone layer and lead to increased temperatures. ,1.105,102.03,104.877,10,"The consequences include more numerous and severe occurrences of natural disasters, as well as loss of animal habitats due to melted ice and rising sea levels.",5,6,5,5,5,5,5,5,3,2,,2,,7,2,2,,1,,,2,,2,Canada,2,,6168b61ad8c0d63b37a92109
10/7/2023 16:17,10/7/2023 16:26,0,100,525,1,10/7/2023 16:26,R_20MYsfmhsy1Z636,650fd15210bc89d9614e8591,45.998,72.13,75.469,9,Industrialization and technological advancements,3.863,51.507,53.379,4,"Some countries have more access to resources. Access to modern infrastructure, including transportation networks, energy grids, and communication systems, is crucial for economic development and competitiveness.",36.383,138.449,139.798,8,"They've sourced raw materials through various means to fuel the rapid industrialization. Western nations developed extensive global trade networks. They engaged in trade with countries across Asia, Africa, and the Americas to acquire the raw materials they needed.",2.262,42.622,43.489,4,"The burning of fossil fuels (coal, oil, and natural gas) for energy production, transportation, and industrial processes releases greenhouse gases",1.473,47.36,48.036,4,"Rising temperatures lead to the accelerated melting of polar ice caps and glaciers. This contributes to rising sea levels, threatening coastal communities and ecosystems.",6,7,7,5,6,6,7,6,2,2,,1,,7,3,2,,1,,,2,,1,,1,,650fd15210bc89d9614e8591
10/7/2023 16:17,10/7/2023 16:26,0,100,549,1,10/7/2023 16:26,R_3kcwJBkPmErbQE4,63d13b764f00a53476867c25,1.384,21.858,44.363,4,The Industrial Revolution. Western cultures generally had a technological advantage when compared to other parts of the world.,4.522,4.522,54.755,1,A large focus on trade. Countries like the US and Great Britain were more heavily involved in trade for a much longer period of time. They have established trading relationships with other nations of the world.,3.612,27.318,47.498,6,The raw materials used to produce industrial goods were sourced by hand.,2.695,2.695,29.517,1,Global warming. The burning of fossil fuels causes damage to the ozone layer which allows more heat through the atmosphere from the Sun.,1.025,1.025,20.614,1,The melting of the polar ice caps which will result in rising water levels which will have drastic effects on the environment.,7,7,7,6,6,6,6,6,2,2,,2,,7,5,2,,1,,,1,,1,,2,,63d13b764f00a53476867c25
10/7/2023 16:18,10/7/2023 16:26,0,100,516,1,10/7/2023 16:26,R_32RtFlle91zNso6,63d7e728502b1a8795abd2b2,16.561,117.102,153.377,3,stable economy as well as stable way of life. meaning we werent always at war and fighting with other nations all the time. we also set rules and standards for a lot of things which made things easier to work towards a goal.,1.862,60.055,79.863,5,better use of resources. become civilized much sooner than others. benefited from exploration and expansion to gain power,2.046,2.046,38.505,1,mostly imported them from other nations to use for ourselves. ,1.752,32.914,73.687,5,a mixture of man made issues and a natural occurrence in nature. Though some will put all the blame on man made issues while ignoring past cycles of temperature changes.,2.059,38.796,49.58,4,changed in the weather patterns is a major change as well as some environmental changes to landscapes.,4,6,4,2,2,2,2,2,5,5,,2,,6,3,4,,2,,2,,,1,,2,,63d7e728502b1a8795abd2b2
10/7/2023 16:17,10/7/2023 16:26,0,100,565,1,10/7/2023 16:26,R_3FIst6lyE0MVmcP,5884593bd920ed0001fdccb4,0.929,0.929,205.277,1,don't know,0.883,0.883,41.93,1,don't know,0.807,7.557,43.134,2,don't know,0.917,15.347,26.144,3,climate change (1),0.839,0.839,21.198,1,less resources such as water,7,8,8,7,8,8,5,5,3,6,,2,,3,2,2,,1,,,1,,1,,2,,5884593bd920ed0001fdccb4
10/7/2023 16:18,10/7/2023 16:27,0,100,552,1,10/7/2023 16:27,R_3fQafNk4X79zPHl,5b9eddfed259900001106b05,1.165,32.723,33.082,2,"Union membership, strong industrialization, diverse and open citizenship",1.097,2.637,22.763,2,"Colonialism, wealth extraction, resource extraction, class enforcement",4.376,11.178,39.688,4,"Slavery, colonialism, and extortion of less wealthy nations",2.171,42.485,43.668,4,Carbon emissions primarily from corporations and industrial practices in all countries except some forward-thinking nations particularly the Nordic countries,0.958,30.048,30.934,4,"ice melt, warmer oceans, weather extremes, lack of stability in weather, biome shift ",8,8,8,8,7,8,8,8,1,6,,2,,9,2,1,,3,,,,3,1,,2,you are loved,5b9eddfed259900001106b05
10/7/2023 16:18,10/7/2023 16:27,0,100,570,1,10/7/2023 16:27,R_2AQk37gmt9iR2ei,6511395ef6c8548ad3f9562f,13.38,23.896,46.598,2,I'm assuming the western nations had more advanced technology. ,7.651,87.697,88.277,3,"We had technologies like rail ways, fabrics, and way more. ",40.721,138.449,138.828,9,I'm assuming by using machines.,1.79,8.461,42.498,3,"Global warming my guess would be human uses like gases ,mining ,and other things. ",5.447,36.8,37.101,2,"Melting ice ,no habitat for those who live in the cold ,flooding.",8,8,8,6,6,6,8,6,5,3,,1,,3,2,3,,3,,,,3,1,,2,,6511395ef6c8548ad3f9562f
10/7/2023 16:18,10/7/2023 16:27,0,100,566,1,10/7/2023 16:27,R_2salSR3Dj2XaBTa,6516d4c804d46519d544f5fe,7.093,126.418,131.137,3,"A long history of western dominance has certainly helped to give these countries a leg up. In terms of contemporary times, the technological advancement of these countries is a key factor. Nations relying heavily on manufacturing economies don't seem to have the highest standards of living in the world. ",3.589,3.589,91.164,1,"A history of western colonization and dominance certainly plays a big factor. Perhaps geography and weather may play a factor as well. I think of it a bit like generational wealth. It's easier to build wealth if you are already wealthy, so these western countries have had a historical advantage for centuries. ",6.971,6.971,45.373,1,"Shipping and colonization, as well as slavery for some nations. ",2.862,128.011,130.4,3,"Global warming is caused by the excess of co2 emissions in the atmosphere due to industrialization. On a value scale, it a result of our society's valuing profit and immediate gratification over the environment and state of future generations, so basically short sightedness, greed,  and selfishness.",1.72,50.566,56.35,2,"Polar ice caps are melting, sea levels are rising, and our weather patterns are becoming increasingly unstable causing more and more damage and taking more and more lives (human, animal, and plant).",8,8,8,8,8,8,7,7,2,2,,1,,7,5,2,,1,,,1,,2,S. Korea,2,,6516d4c804d46519d544f5fe
10/7/2023 16:20,10/7/2023 16:28,0,100,457,1,10/7/2023 16:28,R_bqFe643b6fBLl4Z,5ba81e7418b0330001b52f30,1.554,1.554,35.988,1,Competition with Eastern nations such as Russia and China.,9.065,9.065,36.524,1,Because they enslaved and colonized through military force and technology that exceeded the capabilities of their captors.,83.677,83.677,122.211,1,Colonization and tyranny. ,3.541,3.541,54.719,1,Fossil fuels and greenhouse gases as well as livestock overpopulation and methane pollution.,1.809,1.809,53.888,1,"Polar ice caps melt, extreme weather, floods, and eventually planet wipes humanity from its existence.",8,8,8,8,8,8,8,8,1,6,,4,,7,4,1,,3,,,,1,1,,2,,5ba81e7418b0330001b52f30
10/7/2023 16:17,10/7/2023 16:28,0,100,620,1,10/7/2023 16:28,R_30jEFHTSKWQe6MJ,63bf745cc01669a110ec48ba,6.895,6.895,38.215,1,"
People wanted to be healthy and avoid disease and the only way to do that is to be clean. ",1.306,219.569,222.481,6,"
New colonialization is a large factor as to why Britain is much wealthier than other countries. New colonialization is when they go and take resources from the smaller countries and simultaneously force them to abandon their culture and worship the Christian God. A large factor is that Britain is a bully that amassed power over millennia and is still operating proudly as we speak. I'm not saying anything negative necessarily about Britain. More power to them I gather. However, it's really easy for me to say that sitting here in my cushy office chair with a full belly and civilized implements surrounding me in my Rockwellian contentment. If I was a villager getting raped and sold into slavery in the name of Christ so Britain can have diamonds, or, water, or, what have you, I'm sure I'd sing a different tune. ",9.208,9.208,34.671,1,"
I imagine that they enslaved Africans and other less fortunate peoples to do their collective biddings.",5.004,103.551,104.269,8,"Some people say it's the greenhouse effect which is CO2 building up from pollution and causing it to heat up, etc. This is man-made. Then again, I'm pretty sure scientists have determined that the temperature of the Earth has been known to fluctuate, and getting hot isn't really that unusual. I have to admit I don't know my rear from a hole in the ground in regard to this subject. ",1.211,1.211,44.882,1,"
The icy places like the north and south poles will likely melt causing rising water levels and other catastrophes. ",6,8,8,5,5,5,6,6,3,6,,1,,5,4,3,,3,,,,2,1,,2,,63bf745cc01669a110ec48ba
10/7/2023 16:16,10/7/2023 16:28,0,100,704,1,10/7/2023 16:28,R_brbpFQbNddmpmCZ,5b05e0d131cebe000177c38e,4.383,102.331,157.767,13,Hard work and technology advancements. Also having natural resources and knowing how to trade helped etc. Democratic elections to pick the best leadership to guide the countries.,6.155,8.934,75.911,2,More organized governments and leaders. Alot less corruption from within. Democratic elections.,102.148,191.188,192.122,5,I don't really know. I assume they found a consistent source from somewhere but I am not very knowledgeable on this topic.,4.638,8.116,74.132,2,Natural global warming I would say mostly. The Earth has always warmed and cooled over time. Humans might be adding to it somewhat.,3.564,3.564,53.29,1,The ice caps melting along with more natural disasters. Wildlife being affected.,5,6,6,2,2,2,4,2,4,6,,2,,3,1,4,,2,,2,,,1,,2,,5b05e0d131cebe000177c38e
10/7/2023 16:17,10/7/2023 16:29,0,100,692,1,10/7/2023 16:29,R_1MWAjjU1IxCWmiU,56a38b45dbe850000cfd50c3,4.929,257.545,260.633,9,Western nations were able to focus on and utilize technological innovations to grow and prosper.,2.873,130.033,135.692,11,"Countries can be wealthier due to natural resources in their land, technological strength, and/or winning wars.",7.235,7.235,33.28,1,They used slaves or bought raw materials from other nations.,0.801,2.233,79.136,2,"A combination of slow, natural changes of the earth and human caused changes due to the release of greenhouse gases.",0.654,1.902,65.137,2,"Increased severe weather, changes in the sea level, extinction of multiple species",6,6,7,4,4,6,5,5,3,2,,2,,7,2,2,,1,,,2,,1,,2,,56a38b45dbe850000cfd50c3
10/7/2023 16:17,10/7/2023 16:29,0,100,682,1,10/7/2023 16:29,R_1eFd8cG6DKBmZdy,5bbc451170f8df0001c0cc62,28.116,179.548,193.311,9,"I'm not much of an historian, but I'd guess the advertised pursuit of the American dream, which was probably driven by war and need for power and stability.",7.418,28.587,35.45,3,"War, Politics, and Capitalism",16.661,87.574,134.049,3,I think western nations obtained resources from nations which guarantied cheaper production costs when possible,6.261,20.282,22.202,2,C02 in the atmosphere ,1.841,78.292,81.748,8,"shirking ice caps, rising sea levels, global temperature changes which will have impacts on food production  ",6,7,6,6,5,5,6,5,3,6,,2,,5,2,3,,3,,,,3,1,,2,Thanks of the survey!,5bbc451170f8df0001c0cc62
10/7/2023 16:18,10/7/2023 16:29,0,100,668,1,10/7/2023 16:29,R_2B8TJujKRizbqEd,642c9e92b3a29facaa9f48a0,5.914,37.748,40.841,4,Not sure,10.342,81.715,82.577,2,Because of capitalism.   Competition is what drives a good economy. ,25.175,75.923,79.995,2,Import them and from farmers ,10.697,72.935,117.344,3,It is the cycle of the earth.  I am not so arrogant to believe that I have any control over the earth ,4.459,83.612,84.589,4,It will get hotter and what is meant to happen will happen.   No amount of money or arrogance will stop it.  ,4,5,3,2,2,2,2,2,5,8,Human,2,,5,4,5,,5,Conservative Libratarian ,,,3,1,,2,,642c9e92b3a29facaa9f48a0
10/7/2023 16:20,10/7/2023 16:29,0,100,521,1,10/7/2023 16:29,R_111078scV0O3IYH,62d43cee3d60ac98c1dcacc8,1.206,3.51,44.051,7,The ending of World War 2 which lead the U.S to become one of the world's leading superpowers in terms of military power which made them one of the richest countries in the world,1.127,124.199,129.714,10,The factors that explain why some countries such as the United States and Britain are much wealthier than other countries is because of the inflation rate of their currencies (the dollar and the pound) in relation to the inflation rate of other places in the world such as Venezuela and Zimbabwe,0.626,42.314,72.513,13,Western nations sourced raw materials during the industrial revolution such as rubber and cotton through the slave trade (enslaved African Americans by white cotton field owners),1.914,47.091,57.767,6,Climate change and shifting weather patterns are the results of the rising temperatures on earth,0.842,53.994,61.837,5,The consequences of rising temperatures on earth are the melting of the polar ice caps and how this would make animals in that region go extinct,5,8,7,5,8,5,8,8,2,6,,2,,3,2,3,,3,,,,3,1,,2,I did not experience any technical difficulties while taking this survey,62d43cee3d60ac98c1dcacc8
10/7/2023 16:23,10/7/2023 16:29,0,100,353,1,10/7/2023 16:29,R_2S9rzD3bIvmSZFL,631a86423e963504fd64b7d4,7.052,7.052,69.3,1,"I think investing in education, winning world wars to competition was wiped out, natural resources (i.e. the gold rush in the US) and having a democratic form of government",4.988,53.266,54.054,3,The gold standard was huge and made the US dollar as the standard currency. Britain used to be a global empire and gained a lot of resources that way.,7.072,35.126,35.82,3,"I think some countries grew stuff like cotton, but otherwise I'm assuming would import it",2.178,20.15,20.772,5,Increased concentrations of green houses gases in the atmosphere ,1.694,1.694,29.519,1,"More drastic weather, rising sea levels, food scarcity due to droughts",7,7,7,6,3,5,5,4,2,6,,2,,9,3,2,,3,,,,1,1,,2,,631a86423e963504fd64b7d4
10/7/2023 16:17,10/7/2023 16:29,0,100,722,1,10/7/2023 16:29,R_1hRywT9gK3ro5JJ,64e970e4337e163e71677537,12.054,67.87,162.747,3,"Market economies, rule of law, liberal (classical) values, women in the workforce, decent geographic resources (excluding Japan), valuing education.",8.556,8.556,100.437,1,"Low corruption, natural resources, capitalism, good education systems, advanced financial systems.",15.778,75.033,100.06,3,"A combination of empire, purchasing raw materials from other countries and domestic resources.",5.507,43.731,54.937,3,Increased atmospheric CO2 and solar activity.,2.945,2.945,47.717,1,Changes in rainfall and length of growing seasons.,3,7,3,3,3,3,3,3,3,6,,2,,7,3,4,,2,,2,,,1,,2,,64e970e4337e163e71677537
10/7/2023 16:17,10/7/2023 16:30,0,100,743,1,10/7/2023 16:30,R_1FgQ0lXa7ZWEcuX,5d86969a9f3e68001949ddb5,3.519,74.076,80.459,8,"Level of industrialization, proximity and relations with England and other rich countries, and geographical locations that provided security from conflict.",1.633,169.467,174.618,7,"I would say that some reasons might be the unified government and focus on anti-corruption practices. Often times it is also the case that the wealthier countries settled in poorer countries, took them over, and then sent large amounts of money back to their own country leaving the settled countries with less money and resources than they would have had.",0.678,0.678,96.907,1,Many countries used slave labor or had colonized other distant countries where they made the inhabitants grow and produce goods which the colonizing nations could either take or pay for at a very low rate and then sell the products made with it back for a much higher price.,1.014,101.995,110.014,13,The industrialization of many countries would definitely be a factor. The amount of fuel needed to sustain industries account for a large part of climate changing emissions. Both the production and transport of produced goods produce these emissions.,0.795,111.633,112.073,10,"Mass deaths of animals and other plants that need specific temperatures  to survive, more extreme weather events occurring in parts of the world where they used to happen less regularly, and theoretically eventually having a collapse of ecosystems resulting in mass starvation and emigration.",8,8,8,7,8,8,7,7,2,6,,2,,6,2,1,,1,,,1,,1,,2,,5d86969a9f3e68001949ddb5
10/7/2023 16:18,10/7/2023 16:30,0,100,745,1,10/7/2023 16:30,R_1gpb6QC8ra3jvV7,5c3fd0d4c2d0b700017d02cd,9.423,79.317,79.7,3,"Post-world war II resources, I'd imagine. In other words, the size and infrastructure to build up an economy during decades when other countries simply didn't have the same luxury.",2.804,102.243,102.695,2,"History of colonizing smaller nations for centuries still contributes to present day wealth. Also, resources available to build functioning economies after world war 2 helped certain countries gain a leg up.",17.834,17.834,64.748,1,"Slave labor, or jobs with wages so low they might as well be called slave labor. A lot of people suffered to produce the raw materials that fuel expanding economies.",2.972,75.819,106.768,4,"CO2 (and methanol, other greenhouse gases) emissions producing a greenhouse effect that warms the earth by trapping the sun's energy close to the planet. I'm sure there are other contributors, but this is the one I sort of understand and hear about.",1.272,101.72,104.7,2,"Sea level rise leading to uninhabitable portions of the planet currently (or previously) inhabited by humans and other life, mass extinctions due to changes in predator/prey population changes, evolution of diseases to more easily survive at human body temperature. I could go on...",7,8,7,6,6,6,5,6,2,6,,2,,9,5,2,,1,,,2,,1,,2,"Everything worked great. My only very slight criticism is that I did this on mobile and that possibly made my answers a bit shorter than they otherwise would have been if I had a real keyboard in front of me. I don't know that it would affect answer quality more broadly, but maybe consider not allowing mobile phones next time? Just a thought.",5c3fd0d4c2d0b700017d02cd
10/7/2023 16:18,10/7/2023 16:30,0,100,727,1,10/7/2023 16:30,R_ZwAiHofmthRW4Zb,5f068e126c52d8000a8e230e,1.279,19.855,21.713,4,Technology,61.699,79.204,82.31,3,Due to systematic systems and opportunities put in place centuries ago,142.18,198.967,199.342,3,They traded for them,0.885,20.007,43.093,4,The top businesses polluting the Earth. Also the economic policies of China going overboard.,126.972,126.972,155.718,1,Less land. Higher temperatures for crops not to grow,6,7,4,3,3,6,3,3,4,6,,2,,7,4,3,,3,,,,3,1,,2,,5f068e126c52d8000a8e230e
10/7/2023 16:17,10/7/2023 16:30,0,100,787,1,10/7/2023 16:30,R_3CHs6G1Wep3QTbk,5de9c5534378270fd872a408,27.361,27.361,73.599,1,I feel the main factor that led western nations to develop the highest standards of living in the world was capitalism- power. ,1.622,74.54,164.811,8,"Some of the factors that explain why some countries are much wealthier than other countries are: educational, trade on goods, and familial traditions ",36.498,36.498,105.334,1,"Western nations used goods like rubber and cotton to produce items like sheets, clothing, supplies that could help the military and healthcare systems to run more efficiently. ",2.677,51.812,119.348,3,My best guess is the way that people overuse and over consume everything in life. The high demand for supplies causes more use of industrial machinery which causes more pollution and more damage to the enviornment.,1.328,103.88,108.248,7,"Changes in infrastructures, negative impact on the growth of natural resources, and even air pollution.",6,8,7,7,7,7,8,7,3,3,,1,,8,5,1,,3,,,,3,1,,2,,5de9c5534378270fd872a408
10/7/2023 16:17,10/7/2023 16:32,0,100,888,1,10/7/2023 16:32,R_2U63hChiGMufOe2,5c40e7d99d27f00001159a65,2.01,21.075,80.574,6,Technology advancements,3.179,15.062,22.919,4,"technology, geopolitics",0.938,21.6,26.098,7,Not sure,1.224,20.923,27.56,3,human technology,1.145,20.972,25.422,5,"uncertain, but seem to include damage to animals and plants",6,7,7,7,6,7,6,7,1,6,,2,,8,1,2,,1,,,2,,1,,2,,5c40e7d99d27f00001159a65
10/7/2023 16:20,10/7/2023 16:33,0,100,740,1,10/7/2023 16:33,R_9ySKAdJ1lBzzRqF,651f9d29015ae32142d67fcd,4.405,4.405,154.383,1,"Technological progress was the biggest factor in developing western nations. The Industrial Revolution made it so that there were more jobs, increased production/efficiency which led to lower prices and more goods. Overall, it launched western nations into a steady expansionary period as the increase in trade within the economy grew.",0.999,0.999,103.123,1,"Similar to the previous questions, technological progress advanced much quicker in countries like the US and Britain in comparison to other countries. This made production more efficient and allowed room for the country to grow in wealth. In addition, the US specifically has developed a culture surrounding working yourself to death, which increases output, and therefore wealth.",0.745,0.745,147.413,1,"The Industrial Revolution occurred when slavery was still prevalent in Western nations. Plantations were often the main source of raw goods, such as cotton, and those goods were sourced by slaves. There were machines developed in the beginning of the Industrial Revolution, such as the cotton gin, that made sourcing these materials easier. ",0.798,0.798,103.322,1,"The Earth naturally goes through periods of rising and cooling temperatures. However, this current period of warming has been increasingly sped along by humans. Carbon emissions, from factories, and fossil fuel burning engines, such as cars, contribute to the amount of CO2 in our atmosphere. In addition, methane gases from sources such as dairy farms also collect in our atmosphere. Both of those substances trap heat within the atmosphere, which contributes to rising temperatures on Earth. ",0.796,48.915,106.472,3,"Everything on earth is accustomed to surviving at temperatures within a certain range. If the temperature increases past that point, plants that are not equipped to survive in the heat will die, which will in turn jeopardize the survival of many animals. Humans are also not equipped to survive in the heat for extended periods of time, so I imagine there will be a large increase in those that become sick or even die from heat exhaustion and dehydration. ",7,8,8,7,4,7,4,7,2,5,,1,,5,4,3,,3,,,,1,1,,2,"No, everything went well and was very clear. Thanks!",651f9d29015ae32142d67fcd
10/7/2023 16:17,10/7/2023 16:33,0,100,950,1,10/7/2023 16:33,R_1OKbyvC0N8zJpNn,5b26da1934ffd00001b45d8d,12.626,159.399,162.591,3,"The factors that have led the United States and France to have one of the highest standards of living in the world include industrialization and economic development, quality education, the welfare state, democracy and political stability, innovation and entrepreneurship, developed infrastructure, and access to natural resources and international trade.",9.303,155.252,157.284,2,"The disparity in wealth between countries can be explained by several factors. First, colonial history and heritage have allowed rich countries to access trade routes, natural resources and advanced technologies, while colonized countries may have faced obstacles to their economic development. Second, the presence of strong and stable political institutions is crucial for economic growth and foreign investment. Countries with weak or unstable political systems have difficulty attracting investment and promoting prosperity.",15.157,88.901,90.876,2,"During the Industrial Revolution, Western nations, such as Great Britain, supplied their raw materials primarily through colonial trade. These nations established colonies in different parts of the world, such as Africa, Asia and America, to ensure the supply of resources necessary for industrial production.",9.197,227.657,233.322,2,"Rising temperatures on Earth are due to excessive release of greenhouse gases, deforestation, industrial activity and burning of fossil fuels, intensive agriculture and gas emissions, and changing weather patterns and the loss of ice and snow at the poles and glaciers.",7.023,130.478,136.71,2,"Global warming causes the melting of polar caps and glaciers, changes in climate patterns, alterations in ecosystems, water scarcity, ocean acidification, greater frequency and intensity of extreme weather events, and loss of habitats and displacement of communities. human.",8,8,8,8,8,8,8,8,1,6,,2,,7,5,3,,3,,,,3,1,,2,,5b26da1934ffd00001b45d8d
10/7/2023 16:17,10/7/2023 16:36,0,100,1111,1,10/7/2023 16:36,R_1mPMA9WPVRWzxU8,5d134be5269dd500012b15fd,10.149,177.987,184.663,4,"I would assume food (crops to grow), and open land (to build on).",6.633,115.631,131.452,4,"I believe the countries mentioned have goods, resources, and security that other countries need.",15.789,127.969,132.894,2,I assume by traveling and eventually finding material that can be naturally altered by man to produce goods (man made).,4.221,4.221,168.011,1,I think it's either the Earth is just evolving in ways we never seen before. Or global warming.,1.78,242.125,253.286,4,"It can cause more (worse) droughts than ever before. Making it harder to get water. It could also alter certain continents, causing floods and what not.",4,8,3,7,6,8,5,5,5,3,,2,,5,1,3,,1,,,2,,1,,2,,5d134be5269dd500012b15fd
10/7/2023 16:17,10/7/2023 16:36,0,100,1115,1,10/7/2023 16:36,R_3F3VfTH1LAYq277,648926f6e1043bef25bccc80,6.569,133.698,154.861,3,"Very hard work, ability to think forward, successful entrepreneurs who cared enough to build their country ",26.364,26.364,127.773,1,Most likely very hard work and vey wise business decisions by successful people ,61.847,73.068,91.283,3,I think they invented the equipment and machinery necessary for this purpose ,10.577,71.111,96.763,6,Many say it is is man made problem contributing to the climate change because of the many industrial companies but I am not sure this is true.  ,57.31,57.31,156.344,1,"I think it causes bad weather effects such as heat, wildfires, and wild jumps in temperatures ",6,7,7,5,4,5,3,4,4,6,,1,,5,3,4,,2,,2,,,2,Latvia,2,Very interesting unique study,648926f6e1043bef25bccc80
10/7/2023 16:15,10/7/2023 16:36,0,100,1226,1,10/7/2023 16:36,R_3maUNsGWHiliKu4,5befb6e27c387400016983bf,4.312,47.584,51.197,5,"a higher I.Q.  
easy access to rivers/oceans
competition among tribes",1.475,84.248,95.891,11,"higher i.q.
productivity of labor and capital resources
democracy
education",8.462,40.55,48.67,5,imported from india,1.114,3.788,21.799,2,the sun.,1.659,1.659,30.713,1,"extinction of many species
rising oceans
melting icecaps
heat stroke ",3,8,4,2,2,2,2,2,5,6,,2,,7,4,4,,2,,2,,,1,,2,,5befb6e27c387400016983bf
10/7/2023 16:17,10/7/2023 16:36,0,100,1128,1,10/7/2023 16:36,R_rpCMTsbNMmrJ7KV,607cc53ae36a9651f1620f66,15.473,15.473,158.748,1,"History and geography is responsible for Western Nations having the highest standards of living. France/ England were colonial superpowers until the 1900s, controlling vast swaths of land and resources all over the world. While they have largely given back the land, their wealth from that period remains. The US benefits from being a giant land mass that is surrounded by allies and oceans, allowing us to wage war against enemies in WW1, WW2, etc, without having to actually defend/ rebuild our country, as England/France/Germany/ Japan/ Russia had to do after World War 2. ",1.381,145.382,430.067,5,"Colonialism is largely responsible for this wealth disparity. Haiti in particular has been being punished by the West, namely France, for their violent revolution that began in 1791 and lasted over a decade. Haitian slaves rose up and killed scores of British and French. A combination of punitive economic measures, and geographical issues (prone to earthquakes, hurricanes) have kept them in poverty and instability. Also local corruption keeps aid or infrastructure from being developed efficiently.",1.015,33.529,35.606,4,"During the Industrial Revolution (1760-1840), Western nations, particularly Britain, sourced raw materials primarily through a combination of methods, including colonialism, trade, and technological advancements in transportation. Here's a breakdown of how these nations obtained the raw materials needed to fuel their industrialization:

Colonialism and Imperialism:
Western nations engaged in colonial expansion and imperialism to secure access to abundant raw materials in various parts of the world. Colonies were seen as sources of valuable resources such as cotton, rubber, timber, minerals, and agricultural products. European powers established colonies across Asia, Africa, and the Americas to exploit these resources for their own industrial production.

Trade and Global Networks:
Western nations engaged in extensive trade networks to acquire raw materials. Merchants and trading companies established routes and trade relationships with regions that produced the needed raw materials. These trade networks facilitated the transportation of raw materials from colonies and other regions to the industrialized nations.

Cotton and Textile Industry:
Cotton was a crucial raw material during the Industrial Revolution, especially for the textile industry. Western nations sourced cotton primarily from their colonies in the Americas (like the United States) and later from India and Egypt. The cotton was processed in factories to produce textiles and other goods.

Rubber and Other Raw Materials:
Rubber, a vital raw material, was sourced primarily from colonies in Southeast Asia, particularly places like the Congo and the Malay Peninsula. The demand for rubber increased significantly during the Industrial Revolution, particularly with the growth of the automobile industry.

Technological Advances in Transportation:
Technological advancements in transportation, such as the steam engine and steamships, revolutionized the movement of raw materials. Steamships allowed for faster and more efficient transportation of raw materials across oceans, enabling easier access to distant regions with abundant resources.

Agricultural Products:
Western nations sourced various agricultural products, including sugar, tea, coffee, and spices, from their colonies in the Caribbean, Africa, Asia, and South America. These products were essential not only for domestic consumption but also for trade and export.

Mining and Minerals:
Western nations, particularly Britain, sourced minerals and ores for industrial purposes from their own territories and other regions, including colonies. These minerals, such as coal, iron ore, and copper, were fundamental for powering factories and producing industrial goods.

Economic Policies and Mercantilism:
Mercantilist economic policies promoted by Western nations during this period were aimed at accumulating wealth through a favorable balance of trade. This incentivized the acquisition of colonies and control over raw material-producing regions to ensure a steady supply of resources for industrialization.",1.428,56.611,57.667,3,"The rise in global temperatures, often referred to as global warming, is primarily attributed to human activities and natural processes. The key causes include:

Greenhouse Gas Emissions:
The primary driver of global warming is the increased concentration of greenhouse gases in the atmosphere, including carbon dioxide (CO2), methane (CH4), nitrous oxide (N2O), and fluorinated gases. Human activities, such as burning fossil fuels (coal, oil, and natural gas), deforestation, industrial processes, and agriculture, have significantly increased these emissions.

Burning of Fossil Fuels:
The combustion of fossil fuels for energy production, transportation, and industrial processes is a major source of CO2 emissions. Power plants, vehicles, and industries release substantial amounts of CO2 into the atmosphere, contributing to the greenhouse effect.

Deforestation and Land Use Changes:
Deforestation, particularly in tropical regions, releases stored carbon dioxide as trees are cut down and burned or left to decay. Additionally, land-use changes like converting forests into agricultural land or urban areas reduce the Earth's capacity to absorb CO2 through photosynthesis.

Methane and Nitrous Oxide Emissions:
Methane is released during the production and transport of coal, oil, and natural gas. It's also emitted by livestock and other agricultural practices, as well as from the decay of organic waste in landfills. Nitrous oxide emissions primarily come from agricultural and industrial activities, as well as the burning of fossil fuels and solid waste.

Industrial Processes:
Various industrial activities, including cement production, chemical manufacturing, and certain metal refining processes, release greenhouse gases and other pollutants contributing to global warming.

Agriculture and Livestock:
Agricultural practices, such as rice cultivation, livestock production, and the use of fertilizers, release methane and nitrous oxide. Livestock, particularly cattle, produce methane during digestion (enteric fermentation).",2.656,42.041,47.814,6,"Crop failure, increased global instability, refugee crises/ displacement, war, famine. Eventual war over basic resources like water.",7,7,7,5,5,5,5,5,4,6,,2,,7,4,2,,3,,,,1,1,,1,n/a,607cc53ae36a9651f1620f66
10/7/2023 16:18,10/7/2023 16:37,0,100,1159,1,10/7/2023 16:37,R_00L1RrwRH8sD02Z,5cfe7510d987a800178eab1a,9.228,9.228,115.117,1,They have spent longer time to figure out what is best to live with as they have had longer time to test different thing.  The industrial revolution was key to the improvement of life for these countries.,33.977,33.977,62.212,1,Orgainzed goverentment is a key factor and a country that is together as a unit.,39.79,39.79,72.997,1,I believe this as I said that the industrial revolution was a key factor in imporvement of life for most.,32.182,32.182,37.957,1,Humans,1.546,1.546,68.33,1,Food scarsity,6,8,7,6,4,7,4,7,1,5,,2,,7,4,3,,3,,,,3,1,,2,,5cfe7510d987a800178eab1a
10/7/2023 16:15,10/7/2023 16:37,0,100,1328,1,10/7/2023 16:37,R_1qWFowiQCHOUv0a,5fa4f94e535f3b1aa628e0ab,6.244,6.244,42.306,1,"Early industrialization, technological edge",2.568,3.934,32.677,3,"More attractive to investors, less corruption, better infrastructure",10.545,16.365,34.854,2,From overseas colonies or within the country itself,1.989,2.809,82.812,3,Rising CO2 levels,1.081,1.081,23.73,1,"Disruption of ecosystems, rising sea levels",5,6,6,5,6,5,4,4,3,2,,2,,8,4,3,,3,,,,3,1,,2,,5fa4f94e535f3b1aa628e0ab
10/7/2023 16:18,10/7/2023 16:46,0,100,1684,1,10/7/2023 16:46,R_3s48C6z1GWvxewb,6272923eedb5716b8b254954,160.529,779.975,891.232,3,Income and employment and education opportunities developed the baseline for higher standards of living which in turn create higher quality services and goods produced by these countries.,1.012,1.012,269.461,1,Economic development and the ability to export and import goods keeps these economies increasing to offer these countries a higher quality of life overall. The fact that these countries are also a democracy makes most people happier and gives them a feeling that they matter and are appreciated by their government.,50.293,50.293,165.223,1,These countries were able to grow many raw materials like cotton. Factories were able to continue to grow from the hard work of those employed to create materials made from rubber.,2.436,2.436,188.57,1,Rising temperatures are the result of climate change.  The effects of burning fossil fuels and farming livestock are really harming the earth by the greenhouse gases . The emissions of carbon dioxide from factories and big corporations has also harmed the earth and contribute to rising temperatures.,1.334,1.334,66.919,1,Much warmer temperatures and long heat waves as well as hurricanes and other natural disasters happening much more frequently.,8,8,8,7,6,6,4,6,3,6,,1,,6,3,5,,2,,1,,,1,,2,,6272923eedb5716b8b254954
10/7/2023 16:18,10/7/2023 16:56,0,100,2294,1,10/7/2023 16:56,R_1rN7dUMzgZ1URHZ,610898813e48dc2864965122,0.901,36.726,51.446,9,I wouldn't even know where to begin with something like this. Perhaps it had something to do with various alliances during war? Industrialization? ,0.981,21.916,81.291,5,"Places like America  and Britain have well established Markets, and were at the forefront of the industrial revolution.",1.024,11.014,35.085,12,As far as I am aware it was mostly through slavery.,1.473,3.701,23.296,4,"Global warming, increased greenhouse gases in our environment caused by human activities.",0.837,62.352,63.346,3,"The polar ice caps are currently melting, contributing to rising sea levels. This isn't just glaciers in the water, but glaciers on land as well. All of that water has to go somewhere. Not to mention increase in ""natural disaster"" type weather phenomena e.g tornadoes, typhoons,  etc.",8,8,8,7,7,7,6,8,1,"3,6",,2,,3,2,1,,1,,,1,,1,,2,,610898813e48dc2864965122
10/7/2023 16:17,10/7/2023 17:00,0,100,2561,1,10/7/2023 17:00,R_31tOT8FvHk0Qdbw,5aee513f3606ab0001b92b29,3.201,14.769,57.612,5,Trade deals with other nations and taking advantage of natural resources to help further enrich the nations.,1.3,4.487,94.142,3,"Natural resources that can be sold/traded to enrich nations, bigger land mass so more citizens which equals more taxes provided.",1.247,9.035,84.673,3,They used slave labor to plant/harvest/utilize those raw materials and sometimes imported from other nations.,2.434,2.434,87.343,1,Natural changes in climate exacerbated greatly by human activity. Changes are typically normal over time but human activity has been GREATLY increasing the level at which it is rising.,1.201,1.846,38.794,2,"Many horrific outcomes. Food shortages, disease, plague, mass migration of people, homelessness, starvation, death.",7,8,8,7,4,7,4,6,2,6,,2,,3,2,2,,3,,,,1,1,,2,Thank you for the opportunity to assist with your research! ,5aee513f3606ab0001b92b29
10/7/2023 17:02,10/7/2023 17:10,0,100,470,1,10/7/2023 17:10,R_yl1n591VSYNiKfD,631e235a33040da66ddf51a1,1.149,6.798,23.812,3,They had access to resources that allowed them to become a wealthy country and have higher standards of living than others.,0.75,0.75,38.085,1,They have access to resources that other countries don't have access to. This allows them to accumulate more wealth and more resources and control the market.,0.797,38.793,39.017,2,They sourced them from their own country or traded to get them from other countries.,0.806,4.577,46.305,2,The causes are pollution and fossil fuels. The byproducts enter the atmosphere and cause the temperature to go up slowly over time.,0.713,44.606,49.248,4,"The consequences of rising temperatures on earth will be mass death and instability among natural habitats and earth's creatures, overheating leading to deaths of humans and animals, starvation, drought, and more severe and numerous natural disasters such as hurricanes.",8,8,8,8,4,8,8,8,1,6,,2,,7,2,1,,3,,,,1,1,,2,N/A,631e235a33040da66ddf51a1
10/8/2023 13:25,10/8/2023 13:28,0,100,219,1,10/8/2023 13:28,R_2Vsj39HqKaObYBw,6450fec9aaeeb9567886560c,2.815,2.815,24.049,1,"I am not sure, but I would think democracy had a play in it ",1.489,1.489,23.626,1,international trade im sure plays a huge part in it ,1.543,1.543,21.398,1,they imported alot of the goods ,1.434,1.434,25.723,1,I think its a natural occurance ,1.645,1.645,22.267,1,less ice would make for higher ocean levels ,3,4,4,3,6,5,3,3,3,6,,1,,7,3,4,,3,,,,2,1,,2,,6450fec9aaeeb9567886560c
10/8/2023 13:24,10/8/2023 13:28,0,100,229,1,10/8/2023 13:28,R_1cREX29cNopnRxQ,6328817c90a7f703ded34c91,8.426,32.917,35.036,2,"The high standard of living in Western nations like the United States and France can be attributed to a combination of historical, economic, political, and social factors. While it's important to recognize that each country's development story is unique, there are several key factors that have contributed to their high standards of living:

Industrialization: Western nations were among the first to undergo the Industrial Revolution in the late 18th and 19th centuries. This period of rapid technological advancements, especially in manufacturing and transportation, led to increased productivity and economic growth. It laid the foundation for modern industrial economies.

Economic Systems: Western countries generally adopted capitalist economic systems that encouraged entrepreneurship, innovation, and private ownership of businesses. These systems fostered competition, which drove economic growth and prosperity.

Political Stability: Many Western nations have a long history of political stability, which is essential for economic development. Stable governments with well-defined legal systems and property rights encourage investment and economic growth.

Access to Resources: Western nations have often had access to abundant natural resources, including fertile land, minerals, and energy sources, which has been critical for economic development.

Education and Innovation: Investments in education, research, and innovation have been a priority in many Western nations. A well-educated and skilled workforce contributes to technological progress and economic growth.

Infrastructure: The development of modern infrastructure, including roads, railways, ports, and communication networks, has facilitated trade and economic development.

Global Trade: Western nations have been active participants in international trade, which has allowed them to access larger markets and benefit from comparative advantages in various industries.

Social Policies: Social policies such as public education, healthcare, and social safety nets have helped reduce poverty and inequality, improving the overall standard of living.

Rule of Law: A strong commitment to the rule of law, property rights, and contracts has provided a stable and predictable business environment, attracting investment and fostering economic growth.

Cultural and Geographic Factors: Cultural values that encourage individual initiative, entrepreneurship, and risk-taking have played a role in economic development. Geographic factors, such as favorable climate and location, can also be advantageous.

Post-WWII Reconstruction: After World War II, the United States and Western European countries benefited from the Marshall Plan, which provided financial assistance for post-war reconstruction. This aid helped rebuild economies and infrastructure.

Technological Advancements: Western nations have often been at the forefront of technological advancements, which have not only driven economic growth but also improved the overall quality of life.

It's important to note that while Western nations have high standards of living on average, there can still be significant disparities within these countries, and challenges like income inequality, healthcare access, and environmental sustainability remain important issues to address. Additionally, historical and geopolitical factors have played a role in shaping the development trajectories of individual Western nations.",3.981,28.971,30.422,2,"The wealth disparities between countries like the United States and Britain, and countries like Haiti and Indonesia can be attributed to a complex interplay of historical, economic, political, and social factors. These disparities are often described as the result of differences in economic development. Here are some key factors that explain these disparities:

Historical Factors:

Colonial Legacy: Many economically advanced countries were former colonial powers that extracted resources and wealth from their colonies. The legacy of colonialism can still be seen in terms of infrastructure, institutions, and economic structures.
Industrialization: Some countries, notably the United States and Britain, experienced early industrialization, which propelled them ahead in terms of economic development. Industrialization increased productivity and allowed these countries to become global economic powerhouses.
Economic Factors:

Economic Systems: Market-oriented, capitalist economic systems have generally proven more effective in generating wealth and economic growth compared to centrally planned or state-controlled systems.
Access to Resources: The availability and exploitation of natural resources, such as minerals, oil, and arable land, can significantly impact a country's wealth.
Trade: Engaging in international trade can boost economic growth by providing access to larger markets, facilitating specialization, and enhancing competitiveness.
Political Factors:

Political Stability: Countries with stable governments and institutions tend to attract more investment and foster economic growth. Political instability and conflict can hinder development.
Governance: Efficient, transparent, and corruption-free governance is crucial for fostering economic development and wealth creation.
Social Factors:

Education and Human Capital: Investments in education and the development of a skilled workforce are essential for economic development. A well-educated population can drive innovation and productivity.
Health and Healthcare: Access to healthcare, nutrition, and public health measures contribute to a productive workforce and overall well-being.
Social Safety Nets: Systems that provide a safety net for vulnerable populations can help reduce poverty and inequality.
Geographic Factors:

Geographic location, climate, and natural disasters can affect a country's economic prospects. For example, landlocked countries may face higher transportation costs, while those prone to natural disasters may have to invest more in disaster preparedness and recovery.
Globalization:

Integration into the global economy through trade and foreign investment can be a pathway to economic growth and development.
Technological Progress:

Access to and adoption of modern technology can significantly boost productivity and economic growth.
International Assistance:

Aid, foreign investment, and development assistance can play a role in helping less developed countries improve their economic prospects.
It's important to note that these factors interact and influence each other in complex ways. Additionally, there is no one-size-fits-all explanation for why some countries are wealthier than others, as each nation's development path is unique. Moreover, addressing wealth disparities often requires a combination of domestic policies and international cooperation to promote sustainable economic growth and reduce poverty and inequality.",3.27,21.234,22.549,2,"During the Industrial Revolution, Western nations like Britain indeed experienced a significant shift in their sourcing of raw materials to support industrialization. The transition from handcrafting to mechanized production increased the demand for raw materials to feed the newly established factories. Here's how Western nations sourced raw materials like rubber and cotton during that period:

Domestic Production: In the early stages of the Industrial Revolution, many Western nations relied primarily on domestic sources of raw materials. For example, Britain had abundant coal and iron ore deposits, which were essential for powering steam engines and manufacturing machinery. They also had domestic sources of wool for textiles.

Colonialism and Empire Building: Western nations expanded their empires and colonies around the world to secure access to valuable raw materials. The British Empire, in particular, played a major role in this regard. Colonies in Africa, Asia, the Caribbean, and the Americas provided Western nations with access to a wide range of raw materials, including rubber and cotton.

Plantation Agriculture: Western powers established plantations in their colonies to cultivate crops like cotton and rubber. These large-scale agricultural operations were often worked by enslaved or indentured laborers, and the products were exported to the industrializing nations.

Trade: Western nations engaged in extensive global trade networks to acquire raw materials. Merchant ships transported raw materials from colonies and trading partners to Western factories. The development of faster and more efficient transportation methods, such as steamships and railways, facilitated this trade.

Innovation and Technology: The Industrial Revolution itself brought about technological innovations that improved transportation and communication, making it easier to source raw materials from distant regions. For example, the construction of the Suez Canal in the mid-19th century significantly reduced the travel time for ships traveling between Europe and Asia.

Treaties and Agreements: Some Western nations entered into treaties and agreements with indigenous groups or foreign governments to secure access to specific raw materials. These agreements often granted Western companies exclusive rights to extract or trade in certain resources.

Exploration and Expansion: Western nations sponsored expeditions and exploration to discover new sources of valuable raw materials. For instance, the search for new rubber sources in the Amazon rainforest led to the exploitation of rubber trees in the region.

Innovation in Agriculture: Western nations invested in agricultural innovations to increase the yield and quality of raw materials. For example, the cotton gin, invented by Eli Whitney in 1793, revolutionized cotton processing, making cotton production more efficient.

It's important to note that the acquisition of raw materials during the Industrial Revolution was not without social and environmental consequences. The extraction of resources from colonies often led to exploitation, displacement of indigenous populations, and environmental degradation. Additionally, the demand for raw materials drove innovations in transportation and communication technologies, further accelerating the Industrial Revolution and globalization.",2.043,24.628,25.208,2,Global climate change. This is an agonizing wait time,1.772,1.772,38.384,1,"Rising ocean levels, increased frequency and severity of natural disaster events, people being weirdly in a bad mood because of pleasantly warm temperatures, species extinction events",7,8,7,6,6,6,6,6,2,6,,3,,8,3,1,,1,,,1,,1,,2,,6328817c90a7f703ded34c91
10/8/2023 13:25,10/8/2023 13:29,0,100,233,1,10/8/2023 13:29,R_23dZE9Mvuv7gTBj,6508c9abf038076410e0a204,15.004,15.004,24.498,1,I'm assuming capitalism? I genuinely don't know.,5.428,5.428,38.11,1,Britain was an empire that took over and exploited many other countries. The US was at the forefront of capitalism and industrialism,5.671,5.671,43.101,1,I believe both through trade and producing some of the items locally. The United States utilized slavery.,2.009,2.009,25.876,1,Climate change - patterns of weather are changing over time.,1.453,21.63,23.746,2,"Higher water levels, death of crops and some animal species, loss of natural habitats",6,7,6,3,6,4,3,4,3,6,,1,,7,3,2,,1,,,2,,1,,2,,6508c9abf038076410e0a204
10/8/2023 13:25,10/8/2023 13:29,0,100,248,1,10/8/2023 13:29,R_3prsb4ioqWlsK4p,60b0334a2e48ac0856f33161,0.801,24.493,26.41,2,By them valuing hygiene. ,1.419,1.419,36.357,1,We allocate funds towards infrastructure and the people. ,0.914,0.914,31.651,1,"By using factories, such as the cotton mill. ",5.009,5.009,24.314,1,Human beings and wasting materials. ,1.196,1.196,24.466,1,"The Earth will be much hotter for people to live in and as a result, people will die. ",7,7,7,3,7,3,3,3,4,2,,2,,3,4,3,,3,,,,3,1,,2,N/A,60b0334a2e48ac0856f33161
10/8/2023 13:24,10/8/2023 13:29,0,100,283,1,10/8/2023 13:29,R_2S2DPdEmJTQetaM,64d6c42e2328deb02a2fedb9,3.136,3.136,23.363,1,I think it is because of the ravages of war and the expectation of its citizens.,1.692,1.692,53.59,1,It is because the government is less corrupt than these countries.,5.136,5.136,53.984,1,They did it by some practices of slavery. Cotton was produced from the US thru slavery. So there are trade going on between the US and UK.,0.89,0.89,24.498,1,Carbon dioxide emissions. Too much of it causes the temperatures to be warmer.,1.267,1.267,33.963,1,There are several species that cannot survive the rising temperature. Also the melting of the polar ice which can global flooding consequences.,8,8,8,5,8,5,5,5,3,2,,1,,7,4,3,,1,,,2,,2,Philippines,2,,64d6c42e2328deb02a2fedb9
10/8/2023 13:25,10/8/2023 13:29,0,100,287,1,10/8/2023 13:29,R_31dsvubLJjPKVyg,61757ceb83d9f2fd3a0219ca,20.056,20.056,36.769,1,"Industrial Revolution, labor movement, technological advancements.",1.396,15.532,40.629,3,Free society allowing for innovation resulting in higher paying jobs,1.113,11.443,29.257,3,Import from countries where these raw materials are native,2.347,19.743,21.034,6,Rising carbon levels in atmosphere.,1.806,1.806,28.892,1,Melting of glaciers/ice caps. Resulting in ocean rising and covering coastal areas.,8,8,8,6,4,7,3,6,3,6,,2,,8,5,2,,1,,,1,,1,,2,,61757ceb83d9f2fd3a0219ca
10/8/2023 13:25,10/8/2023 13:30,0,100,303,1,10/8/2023 13:30,R_2WCOVxRMcYRTObW,611b39726e9958645cd37e18,9.972,20.724,58.675,6,It is a good place to live. I honestly have no idea because I don’t pay much attention to history. ,4.512,24.974,46.957,3,Because of the job industries every country has reason as to why they are more wealthy,18.702,30.764,31.151,2,By gathering the materials their self’s and hand making them,5.897,20.454,21.44,2,Climate change. Pollution ,1.943,15.161,21.71,6,The earth can only handle so much heat ,6,8,8,5,8,8,8,8,3,"3,6",,1,,2,2,3,,3,,,,3,1,,2,No great survey,611b39726e9958645cd37e18
10/8/2023 13:24,10/8/2023 13:30,0,100,365,1,10/8/2023 13:30,R_vlBheuJXuGvTIMV,5b21702b6dba320001b072ce,3.058,40.255,69.129,12,I think back in the day one factor was military power. I guess that can also apply to today's world. ,3.674,24.943,59.913,5,Generational wealth. They also had access to a lot of resources that can eventually create wealth from exporting goods. ,6.331,66.891,117.612,13,"As populations grew, people needed crafted goods such as clothing items and rubber for their transportation. ",2.348,2.348,30.336,1,"Global warming, increase pollution from vehicles and factories as demand increases.",3.074,25.055,25.66,4,natural disasters such as wildfires and hurricanes. ,8,8,8,8,8,8,8,8,2,2,,2,,6,2,2,,3,,,,1,1,,2,,5b21702b6dba320001b072ce
10/8/2023 13:24,10/8/2023 13:30,0,100,363,1,10/8/2023 13:30,R_1mnpDtwmpyUFxBP,5f51529b15e36638fe535eae,3.49,4.59,22.3,2,"Similar culture, drive, resources, and better instincts. Not crime.",2.108,17.638,27.781,3,Intelligence. Not committing crime. No gangs.,7.448,14.309,28.2,3,Buying from others. ,2.851,18.554,23.745,4,Natural changes. Some carbon from man. China and India.,3.213,17.355,35.899,2,More extreme temperatures. ,6,7,5,3,4,5,3,3,5,6,,2,,7,5,4,,3,,,,2,1,,2,Thanks,5f51529b15e36638fe535eae
10/8/2023 13:25,10/8/2023 13:30,0,100,341,1,10/8/2023 13:30,R_1Ii21htTtZ2BDJx,6488e429e530a1949174c9f4,3.128,37.72,41.904,3,"The enlightenment, and the Industrial Revolution",3.455,37.33,39.36,8,"Colonialism, and the resultant access to raw materials",4.237,49.013,54.206,5,They stole those materials from nations incapable of defending themselves against their onslaught,2.719,2.719,27.536,1,"The accumulation of ""greenhouse gases"" in earth's atmosphere.",2.107,27.755,31.374,4,erratic weather patterns and storms of increasing destructive capacity,7,7,6,6,7,6,5,6,1,3,,2,,7,2,2,,1,,,1,,1,,2,no comment,6488e429e530a1949174c9f4
10/8/2023 13:25,10/8/2023 13:31,0,100,384,1,10/8/2023 13:31,R_2wENVKqWTRYtZFj,63d42902a85ae3e7b4920266,1.397,184.127,184.321,3,They wanted to lead the standard.,0.796,34.842,35.562,2,They have more money because of their GDP.,1.291,1.291,49.738,1,They purchased them from third world countries with cheaper workers.,0.776,45.224,45.933,2,Global warming with human activity on the planet.,0.626,0.626,26.084,1,Environmental changes.,6,7,6,6,6,6,5,6,2,2,,2,,7,4,4,,2,,2,,,1,,2,,63d42902a85ae3e7b4920266
10/8/2023 13:25,10/8/2023 13:31,0,100,394,1,10/8/2023 13:31,R_2WUVxTNB5WTxzdW,5d61b08dc1cfe8001740f405,14.73,14.73,36.088,1,"Innovation, freedom and financial investments ",5.555,57.273,64.63,4,"Free trade, credit, taxes, and huge populations",13.952,13.952,31.86,1,"Slavery, cheap labor",5.924,5.924,33.664,1,Normal cycles the earth goes through ,2.226,61.113,61.519,6,"rising oceans from glaciers melting, coastal people being displaced, some populated areas becoming uninhabitable ",3,3,4,3,3,3,3,3,5,6,,2,,7,2,3,,3,,,,3,1,,2,,5d61b08dc1cfe8001740f405
10/8/2023 13:25,10/8/2023 13:32,0,100,417,1,10/8/2023 13:32,R_2TF9PkKrR3VKjDP,597fe89a1b41a20001749f57,5.419,5.419,67.436,1,"Education is a big factor in how successful and prosperous a nation can become. In the western world, we place a big emphasis on education and money and success. That drives people to be inventive and innovative and that's why these countries do so well compared to others.",2.973,2.973,67.069,1,"The US and Britain place more emphasis on education than these other countries. In developing nations, innovation is rewarded. We have the talent and resource to make a lot of money.",1.372,88.087,101.519,4,Company owners in these industrious nations used either slaves or paid low wages to people to work the fields and pick cotton.,6.126,6.126,42.55,1,"People are the main cause behind climate change. We burn fossil fuels, which has a negative effect on the atmosphere, trapping gasses that warm up our planet.",1.086,1.086,33.99,1,"Rising temperatures lead to forest fires, rising sea levels, water shortages, etc.",7,8,7,6,7,6,5,6,1,6,,1,,8,4,1,,1,,,1,,1,,2,,597fe89a1b41a20001749f57
10/8/2023 13:25,10/8/2023 13:32,0,100,447,1,10/8/2023 13:32,R_3et9V8ChANMx1B6,63d6ffe31d0f4bc7fad6c995,8.47,51.701,56.64,2,"Industrialization and Technological Advancements: These nations went through significant industrialization and technological advancements, which led to increased productivity and economic growth. Innovations in manufacturing, transportation, and communication improved efficiency and created jobs.",9.333,36.001,37.03,2,"Countries like the United States and Britain are wealthier than countries like Haiti and Indonesia for several reasons. Historical factors, like colonialism and early industrialization, gave them a head start. They have strong economies with market-oriented systems, while some poorer countries struggle with corruption and weak governance. Investments in education and healthcare make their people more productive. Favorable geography, like access to waterways, helps with trade and agriculture. Cultural values, like a strong work ethic, also contribute. These factors interact, and addressing the wealth gap often requires domestic reforms and international cooperation to help poorer nations develop and reduce poverty.",15.591,90.649,91.755,2,"During the Industrial Revolution, Western countries like Britain got the raw materials they needed for making things like clothes and machines in a few ways. They had colonies in places like Africa and Asia, where they got materials like rubber and cotton. They also traded with other countries to get these materials. Sometimes, they set up big farms, called plantations, in tropical areas to grow things like cotton and sugar, using workers they brought from other places. They also used new machines, like the cotton gin, to process materials like cotton more easily. But it's important to know that this period had good and bad sides: it led to more stuff being made, but it often caused hardships for workers and the places where materials were taken from.",2.922,37.402,38.547,2,"Rising temperatures on Earth, often referred to as global warming, happen mainly because of the increase in certain gases in the air called greenhouse gases. These gases, like carbon dioxide and methane, come from human activities such as burning fossil fuels (like coal, oil, and gas) for energy, cutting down forests, and industrial processes. When we release these gases into the air, they trap heat from the sun and make the planet warmer.",5.65,76.333,77.438,3,"Rising temperatures on Earth, also known as global warming, happen mainly because of gases called greenhouse gases, which come from things like burning fossil fuels and cutting down forests. These gases trap heat from the sun in our atmosphere and make the planet warmer.",7,6,6,6,5,7,7,5,4,3,,2,,9,4,4,,2,,2,,,1,,1,,63d6ffe31d0f4bc7fad6c995
10/8/2023 13:24,10/8/2023 13:32,0,100,458,1,10/8/2023 13:32,R_1C7MjcMZjYPf6rK,55884c0dfdf99b4020ba0a1b,9.676,9.676,51.555,1,"Good economics. With more money flowing in, we could make living more comfortable.",3.412,3.412,44.753,1,"We provide better jobs and housing, and food.",32.71,32.71,71.316,1,"Cotton, we farmed it. Rubber, I'm not sure how we made it.",4.367,4.367,22.045,1,"Global warming, caused mostly by humans.",7.901,7.901,24.404,1,"Worse weather, more natural disasters.",8,8,8,8,6,8,3,7,1,6,,1,,5,1,1,,3,,,,1,1,,2,,55884c0dfdf99b4020ba0a1b
10/8/2023 13:25,10/8/2023 13:33,0,100,472,1,10/8/2023 13:33,R_2YnRjFWwkLazcbx,63b9d3abc3ddc61c8c08fd84,1.371,1.371,43.574,1,"Industrialization, the value of our currencies and our power in the world. ",2.415,88.501,121.042,8,"Some countries, such as the US have more companies and industries which are very profitable. We are also more technologically advanced in the US and than other countries. We have very profitable industries based in the US and we have many wealthy owners of companies here.",1.099,45.524,46.931,2,I believe we imported any of the raw materials which we did not grow or in this country. ,1.129,45.137,55.181,3,People cause much of this with industrialization and use of non-renewable resources. ,1.33,1.33,41.814,1,The earth may at some point be uninhabitable. The glaciers may melt and more severe weather will hurt our planet.,7,8,7,3,6,3,2,3,3,6,,1,,7,2,4,,2,,2,,,1,,2,,63b9d3abc3ddc61c8c08fd84
10/8/2023 13:25,10/8/2023 13:33,0,100,482,1,10/8/2023 13:33,R_tVx06vdnOy5hd7j,61531624b67f1ccd83e48d48,15.951,15.951,66.304,1,Free market economies and rapid restoration of manufacturing following WWII,9.219,9.219,51.729,1,Less political corruption and a free market plus more stable governments.,16.177,16.177,65.654,1,Most goods and raw materials that were not available locally were sourced from other regions.,6.679,6.679,43.673,1,Natural atmospheric changes enhanced by greenhouse gasses ,3.751,57.6,76.127,2,Potential changes in weather patterns and the need for changes in HVAC demands and cycles,4,5,3,3,2,3,2,3,1,6,,2,,8,5,4,,3,,,,2,1,,2,,61531624b67f1ccd83e48d48
10/8/2023 13:25,10/8/2023 13:34,0,100,521,1,10/8/2023 13:34,R_sG6cB5v0AsoHVgl,601478ee2d7cc94b1f1855ec,1.539,1.539,62.805,1,"Low taxes, strong national defense, Capitalism, and strong leaders.",1.775,1.775,69.87,1,"Some countries are much wealthier than other countries because they have strong leadership, large military, law abiding citizens, and less corruption than poorer countries.",1.012,1.012,68.966,1,Either by trade or by force. Many wealthy countries would invade a poor country and make that country a vessel state to supply them with the goods at a fraction of the cost such as rubber and cotton etc.,1.483,1.483,85.304,1,Planet Earth naturally has cycles of warm and cold. We're currently experiencing a warming cycle. There has never been a time where Earth has not experienced times of cooling and heating it's always one or the other and completely natural.,1.749,1.749,53.603,1,"Failing crops, flooding, famine, loss of jobs, climate refugees, government corruption of the people using rising temperatures on earth as an excuse to punish citizens for living.",2,6,2,2,2,2,2,2,5,6,,2,,5,2,4,,2,,2,,,1,,2,Thank you,601478ee2d7cc94b1f1855ec
10/8/2023 13:25,10/8/2023 13:34,0,100,507,1,10/8/2023 13:34,R_qUErgmaNQpd6MjD,5bf408f7f35e0c000101693a,25.101,25.101,49.593,1,The lifestyle and cultures,11.093,11.093,84.456,1,The US and Britain have more races that come from privileged families,25.158,95.464,99.445,2,Using machines costs less than paying employees also they produce much more quickly.,4.502,45.154,59.835,2,Carbon emissions caused my big manufacturers and humans destroying the trees,2.011,2.011,35.25,1,"Hotter temps, colder winters and rising fuel costs",8,8,8,7,8,8,6,6,3,3,,1,,5,2,3,,3,,,,1,1,,2,,5bf408f7f35e0c000101693a
10/8/2023 13:25,10/8/2023 13:34,0,100,572,1,10/8/2023 13:34,R_12imxN4AoAtUxN3,56c113f6eb5b22000d5baa6f,7.223,113.671,134.658,3,"The industrial revolution. Discoveries made by some very famous inventors and scientists made mass production possible. As a result, the economy became diversified. Jobs were abundant. Public policy also made it possible for poorer people to have new opportunities. And, at one time, wages kept up with the cost of living. ",22.375,22.375,76.01,1,"If I ventured to guess, I would say trade and colonialization. But particularly the latter. I might also venture to guess that slavery, in many cases, was a major factor.",1.763,1.763,22.123,1,Slavery and cheap labor from overseas.,4.296,4.296,65.066,1,"Too many people. The industrialization of most countries led to more pollution in the atmosphere, leading to climate change. But ultimately, there are just way too many people on the planet, and more people means climate change.",3.844,3.844,58.024,1,"Weather patterns change. Hotter summers, colder winters. Increasing water levels as the ice caps melt. Floods, hurricanes, tornadoes, earthquakes. Depletion of drinkable water. ",7,8,7,7,4,6,5,6,2,6,,1,,8,3,2,,1,,,1,,1,,2,,56c113f6eb5b22000d5baa6f
10/8/2023 13:24,10/8/2023 13:34,0,100,604,1,10/8/2023 13:34,R_1i2Ucy9BTW7GDjY,60dfd857e293a99dd577f4c8,24.823,54.716,97.355,2,It was freedom to worship and live as one sees fit.,58.249,59.179,105.099,2,"Population, resources and trade have led some countries to be wealthier than other countries.",60.199,60.199,98.437,1,Slaves and child labor were used to source raw materials.,9.341,9.341,38.582,1,Some believe it is because of carbon emissions.,37.434,37.434,102.366,1,"Glaciers melting, animal extinction and more tsunamis.",3,4,3,4,3,3,4,5,3,6,,1,,3,2,5,,2,,2,,,1,,2,,60dfd857e293a99dd577f4c8
10/8/2023 13:25,10/8/2023 13:35,0,100,616,1,10/8/2023 13:35,R_2Yb4iQckSQP7ZQT,5eb693937a030e5923b44068,4.452,4.452,29.248,1,I don't feel that they have developed the highest standards of living in the world.,1.521,2.549,149.998,2,They are corrupt and take advantage of those nations listed.,234.205,234.205,259.905,1,They were stolen from less developed countries.,1.249,1.249,27.976,1,The majority of the causes are man-made.,1.657,1.657,28.278,1,Melting ice and flooding.,5,7,7,6,7,7,6,7,3,6,,2,,7,6,1,,1,,,1,,1,,2,,5eb693937a030e5923b44068
10/8/2023 13:24,10/8/2023 13:35,0,100,654,1,10/8/2023 13:35,R_6KESdmUFkeCubh7,5e2f188cca99354e34435611,0.777,5.727,105.134,3,"I believe geography and location have a lot to do with the standard of living in the west. These areas have a large variety of natural resources, which invites rapid population growth. Considering the population of many western countries, engaging in a higher standard of living is a natural result.",0.945,158.941,161.841,10,"I think the prevalence of capitalism is the reason for this. The US is aggressively capitalistic, and takes on an ""every man for himself"" attitude in regards to survival. Many ""poorer"" countries have a more communal society, where everyone looks out for each other; if one person is struggling or behaving poorly, their community considers it part of their responsibility to help or get involved. This approach is virtually the polar opposite of capitalism, thus making these countries ""poorer"" in economics.",0.587,0.587,93.644,1,"Western nations sourced raw materials by collecting them from other geographical locations where they occurred naturally. In some cases, they were able to bring some of these natural resources back to their homeland (eg. the US and cotton), along with non-white indigenous peoples that were enslaved.",0.656,0.656,73.573,1,"From what I understand, pollutants create a ""greenhouse"" effect when they are in the Earth's atmosphere. Long-term use of fossil fuels and other limited resources have released a significant amount of pollutants into the atmosphere, causing the heat and energy from the sun to concentrate, thus resulting in higher temperatures.",0.694,39.855,117.027,4,"The consequences would be felt in every aspect of existence. Polar ice caps will thaw, causing flooding and pushing back coastlines. The climate will change everywhere, causing crops to die and therefore starting a food crisis. ",6,6,8,7,8,6,8,6,2,6,,1,,7,4,1,,1,,,1,,1,,2,,5e2f188cca99354e34435611
10/8/2023 13:26,10/8/2023 13:35,0,100,555,1,10/8/2023 13:35,R_2WUVg4EKc7uIJis,63d9f31dba727de153019798,33.379,78.21,86.31,3,"otal profitability of the nation or region as a whole
Employment opportunities and income available to residents
Ease of access to affordable goods and services
Medical care and education
Life expectancy
Class disparity
Poverty rate
Quality and affordability of housing
Hours of work required to purchase necessities
Gross domestic product (GDP)",3.244,45.668,48.346,2,"There are many factors that explain why some countries are wealthier than others. Here are some of the key factors:

    Technological progress: Countries that are able to innovate and develop new technologies tend to have higher levels of economic growth and wealth.
    Globalization: Countries that are more integrated into the global economy tend to have higher levels of economic growth and wealth.
    Commodity prices: Countries that are rich in natural resources, such as oil or minerals, can benefit from high commodity prices and generate wealth.
    Economic stability: Countries that have stable political and economic systems tend to attract more investment and generate more wealth.
    Domestic policies: Policies related to financial integration, redistributive fiscal policies, and liberalization and deregulation of labor and product markets can play an important role in explaining inequality trends within countries.
",2.698,57.978,60.599,5,"During the Industrial Revolution, western nations like Britain sourced raw materials such as coal, cotton, wool, sugar, tobacco, and spices from their colonies across the British Empire, including Australia, the Americas, Africa, and India
. The availability of raw materials was a significant factor in the industrialization of western nations
. The British colonies in North America were producing lots of cotton, which was used to produce textiles. When they attached a steam engine to these machines, they could easily outproduce India, up until then the world’s leading producer of cotton cloth
. Coal and iron were also important raw materials used to produce goods for the early industrial revolution",9.314,41.923,46.483,2,"There are several factors that contribute to rising temperatures on earth, including human activities and natural processes. The main causes of climate change are the release of greenhouse gases, such as carbon dioxide, methane, and nitrous oxide, into the atmosphere from human activities like burning fossil fuels, deforestation, and agriculture. These gases trap heat in the atmosphere, leading to global warming. Natural processes, such as changes in the sun's energy and volcanic eruptions, also affect the earth's climate, but they do not explain the warming that we have observed over the last century.",2.629,87.324,92.6,11,"some of the effects of global warming:

    More frequent and severe weather events, such as storms, heat waves, floods, and droughts
    Increased mortality, reduced productivity, and damage to infrastructure due to high temperatures
    Changes in the behavior and lifecycles of animal and plant species, leading to increased numbers of pests and invasive species, and a higher incidence of certain human diseases3
    Diminished yields and viability of agriculture and livestock, or the capacity of ecosystems to provide important services and goods
    Increased evaporation of water, which, together with the lack of precipitation, increases the risks of severe droughts
    Rising sea levels, which pose widespread and continuing threats to the economy and environment of coastal regions
    Loss of glacier mass, reduced snow cover, thawing of permafrost, and changing precipitation patterns, including less precipitation falling as snow, in many mountain regions
    Challenges to wildlife and their habitats, such as the Adélie penguin in Antarctica, where some populations on the western peninsula have collapsed by 90 percent or more
    A range of other impacts, including shifting wildlife populations and habitats, and a warming, rising ocean",7,8,7,7,8,7,5,6,3,6,,2,,7,5,5,,1,,,1,,1,,1,Thank you,63d9f31dba727de153019798
10/8/2023 13:25,10/8/2023 13:36,0,100,664,1,10/8/2023 13:36,R_2dRSKTOYOzj11GP,60b98567e2d17c3d44747f61,6.168,6.168,63.184,1,"I think it's the concept of greed that made the western nations want more for services and products, especially when they are aware of the need of those things in the first place.",1.744,1.744,83.849,1,The fact that a lot of things that originally may not have been worth much were exported or stolen from many other countries and then became more valuable to the other countries due to inflation. Now that a lot of those resources have been removed from the poorer countries it's hard for them to increase in wealth without much assets.,1.638,1.638,128.521,1,I believe that they relied on many of the other poorer countries that had those products and exported them in exchange for military protection. There's also finding locations that didn't have much in wealth that probably exchanged their materials or they were able to produce it on the cheap from giving the poor and segregated jobs to produce those materials.,1.39,1.39,118.466,1,"Human waste of resources, pollution, harvesting natural materials like trees that help assist nature in recovering, air pollution from various chemicals and radioactive waste, gas emissions from vehicles, non-biodegradable products in landfills and oceans, etc.",1.288,1.288,92.008,1,"The earth isn't able to regulate a lot of itself to keep things at a healthy level so there has been things like increased wildfires, extinctions of animals, increased hurricane and natural catastrophic weather changes, droughts, ice caps melting, etc.",7,8,8,6,7,6,8,6,2,3,,1,,3,2,2,,1,,,2,,1,,2,,60b98567e2d17c3d44747f61
10/8/2023 13:24,10/8/2023 13:36,0,100,692,1,10/8/2023 13:36,R_1BVmKXraa2gYchK,5a84f454ae9a0b0001a9e4e5,6.29,158.505,159.514,2,"Free trade and trading routes, democratic governments, strong military to protect and expand commercial interests, educational institutions ",1.513,126.765,127.64,4,"social and legal structures that allow the retention and development of capital, military strength to expand and protect trade routes, educational institutes that promote development of science and technology.",12.347,12.347,159.28,1,"Some like Britain imported much of their raw materials via their colony system, using naval military strength to expand and protect trade routes. The US had more natural resources in country and so were less reliant on imports, but still made use of the trade routes and technology of other western nations. ",2.342,26.182,53.273,3,The primary cause is human emissions of carbon dioxide and other green house gasses from the production and use of fossil fuels. ,2.657,2.657,43.483,1,"Changing weather patterns, rising sea levels, extinction of many animals due to the changes in their environment. ",6,7,7,4,6,3,6,4,3,6,,2,,7,4,4,,3,,,,2,1,,2,,5a84f454ae9a0b0001a9e4e5
10/8/2023 13:25,10/8/2023 13:37,0,100,711,1,10/8/2023 13:37,R_27V7fHW5OyWP6zM,6165af4b36cb3bae91f2e355,1.105,78.846,80.294,31,I am gonna guess the economy had a big impact on this.,1.804,143.403,145.119,24,I am guessing its the difference in cultures and capitilism.,0.927,57.139,59.94,40,I am not sure. I am going to assume through trade and mining.,1.552,42.183,48.304,8,"The biggest cause I know of is global warming, which is primarily caused by humans.",0.799,70.53,75.015,7,The consequences of rising temperatures are rising sea levels and less hospitable environment.,7,8,8,5,6,5,5,5,3,6,,2,,3,2,2,,1,,,1,,1,,2,,6165af4b36cb3bae91f2e355
10/8/2023 13:24,10/8/2023 13:37,0,100,741,1,10/8/2023 13:37,R_3gTarAZjyPAHmhw,5607080ed7def20012b733c3,1.213,57.806,61.849,7,"Factors that led to this are colonialization. The US and France were colonized by people who had higher living standards than the indigenous peoples here, and over time the standard of living became synonymous to social class and everyone competing to be at the top. ",2.332,2.332,42.244,1,Power and international favoritism of the wealthiest countries by NGO's like the world bank. I think smaller less wealthy nations like Haiti and Indonesia do not have as much representation in the global sphere. ,1.846,1.846,118.336,1,They probably took those materials from other countries and paid them for it. ,0.672,16.624,21.846,4,From human activity such as driving cars and machinery. Our CO2 emissions. ,1.221,25.889,27.85,2,"Weather catastrophes. Extreme weather. Flooding and erosion. Hurricanes, tornados, diseases melting in the permafrost. ",6,7,7,5,8,6,4,4,3,6,,1,,7,3,2,,1,,,2,,1,,2,,5607080ed7def20012b733c3
10/8/2023 13:25,10/8/2023 13:38,0,100,779,1,10/8/2023 13:38,R_2YxEYjQ39jxoObC,62cc89cd6b8df82a5bf43aea,16.296,55.502,79.564,2,"The reason for this transformation was the accumulation of capital, which was due in turn to technological improvement and to the fact that these societies had large doses of economic freedom. The twentieth century saw this transformation spread to a large part of the world.",11.66,37.854,45.675,2,"The natural resources, human resources, and capital resources that are available to make goods and services. Capital resources: Goods that have been produced and are used to produce other goods and services.",17.715,195.62,197.156,6,"Raw materials for factories of the industrialized countries were imported from non-industrialized and least-developed countries. On the other hand, the industrialized countries exported their manufactured products there. Great Britain forced its colonial countries for raw materials and to create markets.",3.306,114.124,116.694,12,"The causes of rising temperatures are a result of burning fossil fuels, cutting down forests and farming livestock are increasingly influencing the climate and the earth's temperature. This adds enormous amounts of greenhouse gases to those naturally occurring in the atmosphere, increasing the greenhouse effect and global warming.",5.645,36.238,60.596,2,"We already see effects scientists predicted, such as the loss of sea ice, melting glaciers and ice sheets, sea level rise, and more intense heat waves. Scientists predict global temperature increases from human-made greenhouse gases will continue. Severe weather damage will also increase and intensify.",5,6,5,6,6,5,6,5,3,3,,2,,8,4,2,,1,,,1,,1,,2,,62cc89cd6b8df82a5bf43aea
10/8/2023 13:25,10/8/2023 13:38,0,100,787,1,10/8/2023 13:38,R_2aF5P8KTotmcmAC,644937030a7868838f1e1b9a,14.035,42.544,87.688,6,"The people, cost of living, COVID, job loss, climate change",4.309,4.309,41.762,1,"More jobs, less sickness, better healthcare, ",12.163,87.802,88.986,3,"They still had to pick the cotton but instead of doing everything by hand, the cotton went into a machine to get separated. Same with rubber, wool",5.175,5.175,35.415,1,"climate change and humans, less trees",0.977,28.105,86.112,2,"People and animals get sick and could die, ozone layer, polar bears would die off from not being able to hunt seals and fires",8,8,7,5,8,7,5,6,5,6,,1,,6,3,3,,3,,,,1,1,,2,,644937030a7868838f1e1b9a
10/8/2023 13:25,10/8/2023 13:38,0,100,791,1,10/8/2023 13:38,R_1rqtejeiP2yV4BM,5e83fab3555210152b82004f,4.927,23.02,91.793,2,"Industrial Revolution, the middle class, and the ability to borrow large sums of money.",1.233,24.174,92.392,2,"Lack of resources, type of government, fallout from imperialism ",1.154,98.106,120.712,6,Slavery and imperialism ,2.805,4.491,74.258,2,A combination of natural warming and human activities ,1.011,40.253,57.629,3,Tropical regions will grow ,3,7,5,5,3,5,5,5,3,6,,2,,7,4,2,,2,,2,,,1,,2,None,5e83fab3555210152b82004f
10/8/2023 13:25,10/8/2023 13:39,0,100,860,1,10/8/2023 13:39,R_1d4UtM6RkgwFAXB,5dcdb60be64aaa07c14065cc,1.76,205.321,208.987,4,"Western nations developed one of the highest standards of living in the world because of the fast technological advancements of their countries. The phrase ""keeping up with the Jones'"" comes to mind as people in these nations want to set examples of how to live extravagantly.",1,6.182,82.136,2,Some countries are much wealthier than others because they have had more inventions and know how to profit off of other countries. They charge large amounts for goods that people cannot live without. ,1.525,115.016,115.689,5,Western nations sourced raw materials during the industrial revolution by paying workers very small amounts to find them or make them. Cheap labor is probably the biggest factor in sourcing those raw materials but they may have also purchased them for low prices from other countries who needed the money badly.,1.703,1.703,84.897,1,One cause of rising temperatures on Earth is that we are getting closer to the sun each year. Another cause of rising temperatures on Earth is because of humans. We create a lot of air pollution with our machines and cars.,1.669,96.512,126.838,4,A consequence of rising temperatures on Earth is that more diseases will be unleashed onto our society as glaciers melt and gross water rises. Another consequence is that severe weather events will be more likely. ,7,8,7,6,5,7,4,5,3,6,,1,,5,2,3,,3,,,,3,1,,2,thank you,5dcdb60be64aaa07c14065cc
10/8/2023 13:25,10/8/2023 13:39,0,100,886,1,10/8/2023 13:39,R_12u6x8JAUMKAJLU,643edc41faeb4233074d9fce,21.119,21.119,133.503,1,When they incorporated coal back in the day. The use of cotton and oil.,11.532,11.532,82.902,1,"Because Us and Britain obtained more resources as in farming crops, gas, food.
electricity, water and oil.",29.866,147.557,150.794,5,By the use of trains or boats that allowed it to be taken to other countries. ,10.261,10.261,66.883,1,By the manipulation of the weather which is called global warming. ,3.383,3.383,82.487,1,"Forrest fires, draughts, that lead to shortage of food for animals which could cause them to go extinct.",6,7,7,6,3,3,6,6,1,3,,1,,5,2,2,,1,,,1,,1,,2,none,643edc41faeb4233074d9fce
10/8/2023 13:25,10/8/2023 13:41,0,100,1002,1,10/8/2023 13:41,R_3MFqjd7V9RQQwKS,641adeb9f2a8a9f112571e78,19.102,263.812,279.463,9,"If we're talking strictly the past 1 or 2 centuries I would say it was a combination of industrialization and sanitation. Sanitation is one of the most under-recognized things in our modern world because we take it for granted, but the advent of indoor plumbing, nearly universal clean water, and waste removal are of extreme importance for quality of life. And obviously education has helped as more people are able to contribute to the technology and medical industries that heavily impact our standard of living.",34.791,74.936,121.011,2,"That depends heavily on individual history, but I suppose generalized examples include imperialism and trade, as both provide access to foreign resources.",21.733,211.915,217.142,5,"Imperialism is probably the main contribution, as obviously the British Empire was heavily vested in access to resources they didn't have domestic access to. I know that the southern colonies in early America were strong cotton producers, and (unrelated to industrial materials) there were obviously large scale sugar plantations in the Caribbean.",3.746,17.573,24.53,3,Carbon/Carbon-dioxide in the atmosphere.,1.571,1.571,94.572,1,"Changes in climate patterns, decrease in glaciation, increase in plant life are some.",4,7,6,5,4,4,4,4,3,6,,2,,2,2,4,,3,,,,2,1,,2,,641adeb9f2a8a9f112571e78
10/8/2023 13:25,10/8/2023 13:42,0,100,1028,1,10/8/2023 13:42,R_SUxoGU9HBPh3Vu1,59a88f5b321f870001d16d68,2.699,145.923,159.778,4,Evolution of society as a whole to become more civil and respect for your fellow man led to these nations becoming 1st world country ,6.628,6.628,226.288,1,Industry and economics built some countries with the help of governments and fare leadership. Other nations can't or never will be strong because of a government that is clueless to the needs of their people.,2.06,156.58,158.544,5,The introduction and invention of machinery helped to make giant leaps into making money and afford growth and cooperation of the people to build up a strong economy and government,2.934,125.766,139.002,5,Tons of carbon build up from machines from industries that keep heat from escaping the Earth thus creating a green house,2.303,100.735,107.612,3,Doom leading human extinction and of all plant and animals life as a domino effect ,8,8,8,8,8,8,8,8,2,6,,2,,5,1,3,,3,,,,1,1,,2,,59a88f5b321f870001d16d68
10/8/2023 13:34,10/8/2023 13:42,0,100,507,1,10/8/2023 13:42,R_3sgLv7zL1pKPuGL,5f57620f2095071eaf7a8224,3.147,69.867,78.661,5,"Primarily the development of capitalism, colonialism, and more advanced science before other nations.",1.128,47.464,52.058,3,International corporate elites of the west are not as restricted globally as entrepreneurs in more impoverished countries.,0.814,8.501,28.216,2,"Probably mostly from colonized lands in Africa, South America, Oceania, etc",0.611,0.611,48.205,1,Mass environmental destruction from fossil fuels and pollution,0.987,31.057,103.52,7,"Loss of biodiversity, spreading desertification, political and civil unrest from the famine and mass exodus from desertified lands, rising sea level which will eventually sink cities.",7,8,8,4,4,6,7,4,3,6,,2,,3,2,4,,3,,,,2,1,,2,,5f57620f2095071eaf7a8224
10/8/2023 13:31,10/8/2023 13:43,0,100,731,1,10/8/2023 13:43,R_2ciQt3ejEe6HJWa,5ea89d0c5a0a9c12978f8263,10,10,46.087,1,"Natural resources like gold and oil, and fertile soil.",1.608,95.992,110.361,2,"Natural resources like gold and oil, fertile soil, and topographical elements that shield civilians.",1.323,40.373,101.869,2,"At first much of it was mined locally. Once transportation to trade with different countries expanded, new materials became available, resulting in more robust goods.",3.163,106.804,215.198,4,"Industrialized nations, especially those with limited environmental protection agency control are pumping out CO2 into the environment. The CO2 rips small holes in the atmosphere and also creates a blanket around the Earth.",3.45,51.382,63.454,3,"More algae, which will result in massive fish die-off among other events.",7,8,8,6,5,6,5,6,3,6,,2,,5,2,3,,3,,,,1,1,,2,I may have been somewhat generic with my responses.,5ea89d0c5a0a9c12978f8263
10/8/2023 13:26,10/8/2023 13:43,0,100,1041,1,10/8/2023 13:43,R_10vifF1N1d1HPPF,6483fded206bc517c6ad6d0c,20.322,20.322,136.393,1,"Democracy, I would guess.  When people have a voice, truly can speak what they feel, they can demand better.  If their government officials don't pay attention and change things, they might be out of a job by not being re-elected.",9.517,185.712,187.06,4,"Having things (crops, technology) that other countries want.  Also, healthier people, due to better living conditions, can do the work to produce or harvest what other countries need. ",19.439,144.082,157.697,3,"I think they used manual labor (people).  Also, probably animals, such as horses, to carry the materials.",7.228,119.142,122.628,2,"Increased pollution, chemicals in the atmosphere making holes in the ozone layer, the greenhouse effect.  Basically, humans.",2.072,2.072,219.189,1,"Melting snow and glaciers causing rising sea levels, displacing people and animals.  Cooking the ocean making it harder or even impossible for sea life to live.  Worse storm and weather. Additionally, such high heat is life threatening to land life as well, humans and animals. ",8,8,8,7,6,7,5,6,2,6,,1,,5,2,1,,1,,,1,,1,,2,,6483fded206bc517c6ad6d0c
10/8/2023 13:24,10/8/2023 13:44,0,100,1172,1,10/8/2023 13:44,R_2zVdaplpYUA1bWT,5d99f1a45a1126001c5c0a84,0.864,0.864,22.435,1,Industrial revolution and modern medicine especially,0.77,0.77,21.502,1,"The education level of their population, resources they can export.",4.083,7.592,23.465,2,"I'm not sure other than harvesting their own, they probably imported some as well",1.28,1.28,28.571,1,A natural cycle and human activities,1.232,1.232,26.319,1,"Longer droughts, certain areas possibly becoming too hot to live near",3,6,6,3,3,3,4,4,4,6,,2,,5,3,4,,2,,1,,,1,,2,,5d99f1a45a1126001c5c0a84
10/8/2023 13:25,10/8/2023 13:44,0,100,1167,1,10/8/2023 13:44,R_4MB9qA414hfOQc9,627e71af3701230cdc757652,8.625,249.625,250.902,15,"Europe has the highest standard of living due to the fact that they pay a livable wage in m9st countries, have more socal programs, universal heathcare, a good education system. I don't know how the US made the list we have none of this",19.287,312.015,313.096,21,"Quite simple, GB, Canada and the US have all built their weath on stolen land and with stolen people. Colonizing at it finest. I am NATIVE, my views are different from others ",10.895,160.998,161.691,6,"By colonization of the land the held the national resource and enslaving the native people.

",5.708,91.038,91.706,7,"Humans irresponsibly, causing global warming",1.978,80.877,81.569,5,The consequences are everyone and everything dieing out slowly as the Temps rise,7,7,7,2,5,2,5,2,5,1,,1,,5,1,2,,3,,,,3,1,,2,"Sorry, not in favor of sending money to devloping countries when my cousins on the Rez d9nt even have running water. Hope you have a good day. ",627e71af3701230cdc757652
10/8/2023 13:24,10/8/2023 13:45,0,100,1258,1,10/8/2023 13:45,R_a3684hWdxWhboZz,562e4469733ea00005163785,4.583,4.583,184.667,1,"Development of good infrastructure for business. In the US, establishment of the interstate highway system allowed rapid growth in commerce. Also, the rapid advancement if science and technology in western nations allowed the nations to zoom past more primitive countries.",2.204,408.762,412.333,3,"The wealthy countries have the advantage of better infrastructure than poor countries. Utilities and transportation are in bad shape in poorer countries, partly as a result of their poorness , but more importantly as a cause. trying to truck goods across  Java, for example, is a risky and long adventure. Corruption is rampant and the journey is perilous because of poor roads and theft.   Wealthier countries are usually more secular than the poor countries and that helps them by reducing inefficiencies tied to being forced to support the religion in charge. Trying to get ahead is tough when you are spending so much money on mosques and churches.    Birth control also helps the richer nations keep the population contained so that those who ae already here can live better,",4.946,84.938,87.797,3,The western nations went out and grabbed what they could. By being more powerful they could take valuable products from other countries or import their workers to produce at home,2.003,144.302,212.8,5,"During the day, the sun gets higher in the sky and heats the area. On a global scale, gasses that absorb long wavelength light have been increasing since the start of the industrial revolution. These gases trap heat that would otherwise be lost to space. These molecules are also released by mammals, including cattle that are now in much higher abundance than before",1.334,96.269,228.132,3,"Melting of polar ice that raises the sea levels. that in turn leads to coastal erosion and flooding. The added heat also drives more extreme weather events, makes life difficult for ocean coral,  and those in already warm area.  the warmer temperature now seen in more extreme latitudes can change the lives of both animals and humans. Some people in these now warmer areas like the reduction in ice and longer growing seasons",7,7,8,6,6,6,3,4,3,6,,2,,7,4,2,,1,,,2,,1,,2,,562e4469733ea00005163785
10/8/2023 13:25,10/8/2023 13:46,0,100,1290,1,10/8/2023 13:46,R_3kocfTQh5UH9mpJ,60bc18bb8b971280ef13060c,13.103,13.103,162.168,1,"I am not sure, but I guess it might have been industrialization. The U.S. was fortunate because it didn't really have any rebuilding to do due to WW2. The U.S. is also a very large country in terms of territory so that helps it out too.",6.2,131.713,243.134,10,"Britain colonized quite a few countries that were rich in resources.  Spain, France, and other European countries also did this. Countries like Haiti, India, and countries in Africa were colonized and remained poor even after becoming independent of the countries that colonized them.",27.615,50.808,70.78,2,Western nations mostly pillaged or stole natural resources from countries rich in resources.,3.158,3.158,56.689,1,I know that it is related to getting energy or electricity through fossil fuels. I don't know lots of details about this.,2.402,2.402,30.341,1,There are more natural disasters and I think summer weather is more severe. ,7,7,7,7,8,7,7,7,1,3,,1,,7,2,2,,3,,,,1,1,,2,"I don't see much hope for the USA improving in terms of action to combat climate change or even polluting less. For example, approximately two years ago I lived in Mexico and plastic bags were banned. It was an adjustment but life goes on. We can't even stop using plastic bags here. Where I live there are no recycling bins. So many places are car-dependent. I'm in the process of getting my driver's license not because I want to but I have to.  ",60bc18bb8b971280ef13060c
10/8/2023 13:24,10/8/2023 13:48,0,100,1453,1,10/8/2023 13:48,R_2cjwDv6ZZ0b3bsS,5a53e59af6c5170001949a39,74.19,120.033,124.668,3,"People were educated and wanted opportunities to create a life and value for themselves. They needed to contribute to society, but also be treated fairly.",4.317,314.137,316.683,2,"It all has to do with economic output. Look at GDP numbers, Haiti is a poor country. They have very little resources or economic activity. ",43.724,43.724,112.601,1,They hired a labor force to do the work. They had people work in the fields to pick cotton. Machinery just made things easier.,101.132,101.132,144.437,1,Many factors. Some of it is natural/seasonality and other part is increases Co2 due to human activity. ,2.838,26.721,54.2,3,"Sea level  rising, extreme weather and more storms to name a few. Many cities are not built up to handle this and will need to have better infrastructure inplace. ",6,7,6,6,7,7,4,5,3,6,,2,,7,5,3,,1,,,2,,1,,2,,5a53e59af6c5170001949a39
10/8/2023 13:25,10/8/2023 13:50,0,100,1535,1,10/8/2023 13:50,R_2VfnDdy9VvjymHP,6296ecaf7ea72c4951583ffd,1.186,82.737,366.129,2,"I would imagine that there would be a combination of various historic, social, economic, geographic, and political factors at play here.  The specific examples in these categories that come to the top of my mind would be: economic systems that encourage growth and prosperity, and establish systems that protect property rights which leads to more predictability and localized stability at various times.  Additionally, geographic factors and access to resources as well as education and various cultural factors are also worth mentioning here.  ",1.588,291.505,428.355,2,"I think one of the biggest factors in the modern world depends on access to capital and investment on the global scale - which are systems that have been put into place and are run by these wealthy nations - when you invent the game, and make the rules, and change the rules as you play to make sure you win, then it starts to come to focus how quickly wealth arises in such nations.  ",4.441,201.564,234.965,2,"They took advantage of human capital, whether forced or from a voluntary labor force and if it couldn't be found in their nation they had empires and colonies that did and took advantage of that.  ",2.575,2.575,99.112,1,A combination of natural processes and the activity and actions of organisms on the planet.,1.158,1.158,220.373,1,"It depends on what scale and scope you are asking this question, but in the long run (assuming that is the implicit timeframe here) I would image that rising temperatures would change the balance of the gases, liquids, and solids of the various ecological compounds we find on Earth - for instance, rising temperatures near the poles could melt ice on land which would raise water levels in the bodies of water surrounding these land masses of ice.  Otherwise, in general, we don't know the consequences, but we should assume the worst and consider this beyond our own selves and life times.",8,8,8,7,7,7,7,7,1,6,,2,,8,3,3,,3,,,,1,1,,2,,6296ecaf7ea72c4951583ffd
10/8/2023 13:25,10/8/2023 13:51,0,100,1563,1,10/8/2023 13:51,R_1M6OsCc3rPViTp2,64876e8c1a6f7c303a92351b,51.846,51.846,121.296,1,life expectancy at birth .Decent standard of living,3.49,3.49,59.953,1,free trade more investment high education good health,30.002,30.002,43.114,1,fossil fuel natural gas,12.16,12.16,37.496,1,green house gases,1.873,1.873,51.353,1,melting glaciers sea levels rising,7,8,8,2,6,3,4,4,3,6,,1,,3,3,4,,2,,2,,,1,,2,,64876e8c1a6f7c303a92351b
10/8/2023 13:34,10/8/2023 13:52,0,100,1104,1,10/8/2023 13:52,R_1IhN3K0n0gqZlg5,5c0fcccc1f6f150001487111,1.897,57.658,123.959,3,"I think democracy has a lot to do with it.  Also, free markets and capitalism.",3.674,376.244,426.915,2,Dictatorships and corruption. ,7.213,43.2,51.824,2,Inventing machines such as te cotton gin.  Rich capitalists investing money into modern factories.,3.083,40.589,268.071,5,"Burning fossil fuels, cutting down forests and farming livestock are increasingly influencing the climate and the earth's temperature.",4.977,80.473,129.662,2,"Extreme temp's, flooding rains, more storms.",5,7,7,5,5,5,3,5,4,6,,1,,5,4,2,,1,,,2,,1,,2,,5c0fcccc1f6f150001487111
10/8/2023 13:25,10/8/2023 13:53,0,100,1678,1,10/8/2023 13:53,R_2R4jJSIvKz0f0F8,633dbba020f607c3522b86ed,16.819,51.645,212.101,7,"A history of imperialism, colonialism, and slavery not only gave the west an enormous head start, but dug a huge hole for the nations they exploited. Even today the west plays political puppet master to developing countries. ",20.457,20.807,82.474,2,"At the risk of repeating myself, a history of exploitation by certain countries.",139.053,260.068,315.998,2,"imperial powers sourced raw materials from their imperial and colonial interests, often through slave labor",4.254,30.865,121.82,2,Greenhouse gasses created by human activity are trapping heat and raising global temperatures. ,331.142,331.142,400.885,1,"Carbon sinks like permafrost will thaw and cause a runaway greenhouse effect, glacial ice melting, rising sea levels, drought, extinction",8,8,8,8,7,8,6,8,1,6,,2,,7,4,1,,5,democratic socialist,,,1,1,,2,Nothing comes to mind,633dbba020f607c3522b86ed
10/8/2023 13:45,10/8/2023 13:53,0,100,461,1,10/8/2023 13:53,R_3QE2OAtA2HVBn0O,6505fff4fbf27987387ad7ef,2.5,38.607,62.339,9,i  honestly am not sure at all. i wanna say it is because while people mostly rule these countries and white people have been in a position of superiority for all of history so that led to these countries having high standards of living,2.587,104.17,104.566,17,these countries are a lot more developed and have a lot of history of fighting to be independent but i am not sure why they would be wealthier than other countries. the only idea that comes to mind is that white people rule countries like the us and britain so these countries get “prioritized”,3.713,19.394,33.74,9,"They were taken from other countries and brought here, and were produced using slave labor",1.471,15.931,41.678,3,"CO2 released in the atmosphere breaks down the ozone layer and allows more heat into our atmosphere from the sun, raising the temperature of the earth",1.602,2.997,26.456,3,"glaciers melt, water levels rise, temperatures may get too hot to be suitable for living",7,8,8,6,6,6,6,7,1,2,,1,,4,4,2,,1,,,2,,1,,2,"I would like to read more about the results and hypothesis of this survey, it was one of the more interesting ones i’ve taken. thank you for allowing n me to participate ",6505fff4fbf27987387ad7ef
10/8/2023 13:36,10/8/2023 13:57,0,100,1300,1,10/8/2023 13:57,R_301qmSVZM1ViMd2,60dc4e2299f89a7ca94b2c91,18.389,187.789,215.964,8,"The high standards of living in Western nations like the United States and France can be attributed to a complex interplay of historical, economic, political, and social factors. While it's challenging to provide an exhaustive list, here are some key factors that have contributed to their high standards of living:
Industrialization and Technological Advancements: Western nations led the way in the Industrial Revolution, which transformed their economies from agrarian to industrial. Technological advancements, such as the steam engine, mechanized agriculture, and later innovations like electricity and the assembly line, increased productivity and drove economic growth.

Strong Economic Systems: Western nations have typically embraced market-oriented economic systems that encourage competition, innovation, and entrepreneurship. Capitalism, combined with prudent government regulation, has played a crucial role in promoting economic growth and prosperity.

Access to Resources: Western countries have often had abundant access to natural resources, including fertile land, minerals, and energy sources, which have supported economic development.

Political Stability: Many Western nations have enjoyed long periods of political stability and peaceful transitions of power. Political stability is conducive to economic growth by fostering investor confidence and reducing the risk of conflicts that can disrupt economic activities.

Education and Innovation: Western countries have invested heavily in education and research, leading to a skilled workforce and technological innovations. World-renowned universities and research institutions have been instrumental in advancing various fields.

Infrastructure Development: Investment in infrastructure, such as transportation networks, energy systems, and communication networks, has facilitated economic growth and improved the quality of life.

Access to Capital: Western nations have well-developed financial systems that provide access to capital for businesses and individuals, promoting investment and economic expansion.

Rule of Law and Property Rights: Strong legal systems and protection of property rights have created a conducive environment for business development and investment. Investors and entrepreneurs are more likely to invest when they have confidence that their investments will be protected.

Global Trade and Economic Integration: Western nations have been active participants in global trade and international organizations, which have facilitated economic cooperation and market access.

Cultural and Social Factors: Factors such as a strong work ethic, a culture of innovation and entrepreneurship, and a commitment to individual freedom have also contributed to the high standards of living in Western nations.",11.868,169.62,184.876,18,"The vast differences in wealth and economic development between countries like the United States and the United Kingdom, and countries like Haiti and Indonesia, can be attributed to a complex combination of historical, geographical, economic, social, and political factors. Here are some key factors that help explain these disparities:

Historical Factors:
Colonial Legacy: The history of colonization has had a significant impact on many countries' development. Former colonial powers often extracted resources and established economic structures that benefited themselves at the expense of the colonized nations.
Wars and Conflicts: Frequent wars and conflicts can disrupt economic development and infrastructure, as well as divert resources away from productive uses.
Institutional Legacy: The legacy of institutions, including legal systems, governance structures, and property rights, established during colonial and historical periods can have lasting effects on a country's economic development.

Geography:
Natural Resources: The presence of valuable natural resources, such as oil, minerals, and arable land, can significantly influence a country's economic prosperity.
Geographic Isolation: Landlocked countries or those with challenging geographical terrain may face higher transportation costs and limited access to global markets, which can hinder economic development.

Economic Factors:
Economic Systems: The type of economic system a country adopts (e.g., capitalism, socialism, mixed economy) can influence its level of economic development.
Trade and Globalization: Participation in international trade and globalization can stimulate economic growth by increasing market access and promoting specialization.

Political Factors:
Political Stability: Countries with stable governments and effective institutions are more likely to attract investment, foster economic growth, and maintain law and order.
Corruption: High levels of corruption can deter foreign investment and undermine economic development.
Economic Policies: Sound economic policies that promote fiscal responsibility, monetary stability, and a business-friendly environment can foster economic growth.

Social Factors:
Education and Human Capital: Investment in education and the development of a skilled workforce can drive economic productivity and innovation.
Healthcare: Access to quality healthcare can improve labor productivity and overall well-being.
Social Inequality: High levels of income inequality can hinder economic growth and social stability.

Cultural and Social Norms:
Cultural factors, including attitudes toward work, entrepreneurship, and risk-taking, can influence economic development.
Social norms and values related to gender equality, social mobility, and entrepreneurship can also impact economic outcomes.

International Assistance and Aid:
The presence of international aid and development assistance programs can either support or hinder economic development, depending on their effectiveness and alignment with the recipient country's needs.",20.111,128.432,168.911,4,"During the Industrial Revolution (1760-1840), Western nations, particularly Britain, sourced raw materials for industrial production through several key methods. They leveraged colonialism and imperialism to establish overseas territories that provided a steady supply of resources like rubber and cotton. For instance, Britain sourced cotton from its colonies in India and the southern United States and rubber from Southeast Asian colonies. These colonies often faced exploitation and environmental consequences due to resource extraction.

Western nations also engaged in extensive trade networks, forging trade routes and partnerships to acquire raw materials. Technological advancements, like steam engines and improved transportation, facilitated the movement of raw materials from production areas to industrial centers. Investment in infrastructure, including railways and canals, streamlined this process.",11.16,73.673,94.788,4,"Rising temperatures on Earth are primarily caused by human activities, especially the release of greenhouse gases (GHGs) such as carbon dioxide (CO2) from burning fossil fuels and deforestation. These GHGs trap heat in the atmosphere, leading to global warming and climate change. Natural factors also play a role but are currently overshadowed by human-induced warming.",5.757,36.165,99.261,4,"Rising temperatures on Earth, often associated with global warming and climate change, have numerous and far-reaching consequences, including:

Melting Ice and Rising Sea Levels: Higher temperatures cause glaciers and polar ice caps to melt, contributing to rising sea levels, which can lead to coastal flooding and erosion.

Extreme Weather Events: Increased heat can lead to more frequent and severe heatwaves, storms, hurricanes, and precipitation events, impacting communities and infrastructure.

Shifts in Ecosystems: Rising temperatures alter habitats and disrupt ecosystems, affecting wildlife migration patterns, plant growth, and biodiversity.

Ocean Acidification: Increased CO2 absorption by the oceans leads to ocean acidification, harming marine life like corals, shellfish, and plankton.

Water Scarcity: Altered precipitation patterns can lead to droughts, reduced freshwater availability, and water stress in many regions.

Agricultural Impacts: Changing temperatures and weather patterns affect crop yields, food security, and livestock production.

Health Risks: Heat-related illnesses, the spread of vector-borne diseases, and decreased air quality pose health risks to humans.

Economic Consequences: Extreme weather events and disruptions to agriculture and supply chains can lead to economic losses.

Loss of Habitats: Rising temperatures threaten vulnerable ecosystems, putting species at risk of extinction.

Social and Political Challenges: Climate-induced displacement and conflicts over resources can lead to social unrest and migration.

Infrastructure Vulnerabilities: Increased temperatures stress infrastructure, including roads, bridges, and energy systems, leading to maintenance costs and vulnerabilities.

Global Implications: Climate change is a global issue, with potential geopolitical consequences and challenges related to international cooperation.",7,8,8,6,6,6,6,6,3,6,,2,,7,5,5,,1,,,1,,1,,2,I really enjoyed the survey.,60dc4e2299f89a7ca94b2c91
10/8/2023 14:30,10/8/2023 14:54,0,100,1443,1,10/8/2023 14:54,R_RJfBdGtlUtzLfMd,63bc7d9c5c80a9a5a802e336,5.083,427.45,430.716,26,"By passing laws encouraging the creation and growth of business and entrepreneurship, engaging with and exploiting the political climates and economies of third-world countries for cheap labor and production, and most importantly, excessive warmongering and the perpetuation of the military-industrial complex by engaging in weapons deals and outsourced paramilitary operations to fight proxy wars for natural resources and oil.",0.964,273.806,276.015,20,"A long and brutal history of profiteering off of war and colonialism, exploiting lands and people with less wealth than their own to produce luxury goods for cheap and to exploit natural resources. The technological advances of the aggressor nations far outpaced those of the less technologically developed and allowed for easy exploitation. Geopolitical factors also take part, such as the nations climates and locations enabling strategic advantages such as better access to trade routes or better defensibility in times of war.",4.642,4.642,82.479,1,"By outsourcing the labor to poorer countries through colonization, and by trading for them with the goods produced through industrialism. ",4.622,89.03,132.566,3,"Human activities such as transport and production (of both goods and electricity) which requires mass use of fossil fuels and other carbon-based fuel sources, as well as some activities producing other greenhouse gases and ozone-damaging chemicals.",0.939,68.931,90.763,6,"More severe weather patterns, more intense natural disasters, rising sea levels, harsher summers, colder winters, and the mass reduction/extinction of wild plant and animal life.",7,8,8,6,3,6,6,6,2,6,,3,,2,1,2,,5,Socialist Libertarian,,,3,1,,2,"I don't think it's primarily up to the U.S. to cut their own carbon emissions when the majority of carbon emissions and pollution come from third-world countries who do not have the privilege of using clean energy or more expensive/inconvenient alternatives to plastics and fossil fuels. Additionally, countries such as China which have very little environmental regulation are a much more important enemy in the battle against climate change.",63bc7d9c5c80a9a5a802e336
10/9/2023 16:25,10/9/2023 16:28,0,100,204,1,10/9/2023 16:28,R_2hrF2K4TkQ0a8I9,5611f6dd7ffc8a00058117e7,11.857,11.857,31.633,1,Being a leader with the industrial revolution.,3,3,27.858,1,I think it is because technology was advanced faster along with greater natural resources.,10.032,10.032,21.453,1,They used slaves.,2.825,2.825,20.984,1,The burning of fossil fuels.,1.084,1.084,20.87,1,"Species going extinct, losing glacier and ice cap mass.",7,8,7,6,4,6,6,6,1,6,,2,,5,2,1,,1,,,1,,1,,2,,5611f6dd7ffc8a00058117e7
10/9/2023 16:25,10/9/2023 16:29,0,100,260,1,10/9/2023 16:29,R_De3VLuB39sAJkS5,5e799448fb3c7055cdee5ecd,3.077,21.1,36.3,5,"The Western nations had a higher standard of living because they were more able to explore and colonize, so they had exposure to many resources and a lot of power.",2.039,2.039,24.064,1,"It has to do with resources allowing early explanation and colonization which brought more resources. It also has to do with distance from the equator, it seems.",10.393,10.393,42.607,1,"They used either slaves from other countries, or people who were poor so they could pay them minimal to nothing to get the materials for them. They also took materials from places they colonized",1.682,20.177,31.934,3,"Fossil fuels Co2 trapping more heat in the atmosphere, destruction of the ozone layer / greenhouse effect",1.158,1.158,45.894,1,"Mass extinctions of groups of animals who need the cold to survive, leading the food chain out of wack. Human disasters like starvation since a lot of food can't grow in the heat and fires destroy the land. The intense heat exacerbates health problems in people as well. More fires, rising sea levels",8,8,8,7,8,8,7,7,2,6,,1,,7,1,1,,1,,,1,,1,,2,No,5e799448fb3c7055cdee5ecd
10/9/2023 16:25,10/9/2023 16:30,0,100,275,1,10/9/2023 16:30,R_2b4388JXrU6futS,5d1beb9c9e033e0017a725dc,1.345,1.345,31.933,1,"I don't think Western nations have done this, but if they have it's by exploiting other nations and colonialism which benefits some at the expense of many. ",1.362,2.587,27.063,2,"Because they colonized them, stole their resources, enslaved them and continue to exploit them and marginalize them through policy.",1.336,5.144,35.555,2,They used exploited labor from colonized or previously colonized countries. Like the United States benefited from slave labor.,5.264,7.344,30.779,2,Capitalism and the exploitation of resources including people and natural resources for profit and gain.,1.149,1.149,25.967,1,Increase temperatures and adverse climate events that kill and displace many people.,7,7,7,7,8,8,8,8,1,3,,2,,8,1,1,,5,none,,,3,1,,2,,5d1beb9c9e033e0017a725dc
10/9/2023 16:25,10/9/2023 16:30,0,100,282,1,10/9/2023 16:30,R_PTXoDtHpRL4cmCR,5d5f31230fc94a001c632b69,5.438,5.438,41.974,1,"I'm not sure but if I have to guess they just wanted to be the ""best"" nations in the world and not repeat mistakes of other countries.",2.094,2.094,26.348,1,These countries had stronger or bigger militaries or used tactics to conquer or swindle other countries out of their money.,2.853,2.853,20.978,1,They grew their own in their own countries.,1.65,30.616,47.981,2,Humans being wasteful or not using clean energy such as using gas powered cars. Natural causes of the earth's climate always changing over the hundreds and thousands of years is also contributing.,0.903,19.021,49.745,3,We may start losing certain species on the earth which would cause catastrophic effects on the food chain. People could also lose housing due to water levels increasing on cities closer to the water.,4,6,6,3,4,5,5,5,3,"1,3",,1,,7,4,2,,1,,,2,,1,,2,,5d5f31230fc94a001c632b69
10/9/2023 16:25,10/9/2023 16:30,0,100,288,1,10/9/2023 16:30,R_YYzvUh2wimemH7P,5a95a63e4eecca0001dd4cfa,4.086,45.208,45.579,4,the way that they were able to develpop manufactoring tech faster than others,1.126,20.97,21.161,2,the fact that the land is good and was able to deveop more than the poor lands,11.308,26.443,26.739,2,they sold them for cheaper prices because they lacked value,0.927,19.685,23.834,3,the hole in the ozone and polution that is common today,0.563,28.497,29.286,2,more bad weather plants are unable to grow and heat waves,8,8,7,8,8,8,7,7,1,3,,2,,3,3,2,,3,,,,3,1,,2,,5a95a63e4eecca0001dd4cfa
10/9/2023 16:25,10/9/2023 16:30,0,100,326,1,10/9/2023 16:30,R_2c0zTmtVg0YKqD9,60fd6618f9a377f54dcdf318,1.87,1.87,35.575,1,"industrial revolution, capitalism, religious freedom",3.819,25.669,27.619,2,"they have a longer history, they have access to resources and can trade with other countries ",1.445,1.445,30.198,1,They used slaved and advanced machinery ,6.178,6.178,25.749,1,"carbon emissions, pollution",1.497,1.497,20.951,1,"floods, loss of life, killing animals ",3,8,6,4,4,4,4,4,3,6,,2,,8,4,3,,1,,,2,,1,,2,,60fd6618f9a377f54dcdf318
10/9/2023 16:25,10/9/2023 16:31,0,100,347,1,10/9/2023 16:31,R_3jedEFVo7heexgu,605b962df3f478e244c2d5e7,1.22,1.22,96.874,1,"Imperialist countries have ""higher standards"" because they've exploited and colonized people around the world in order to hoard wealth and power. I would argue that western nations have an inflated sense of importance which leads them to think that they have the highest standards of living in the world but we understand that to be inherently false if you are a person of color trying to exist in these countries. ",1.007,1.007,29.838,1,"Slavery
Oppression
Imperialism 
Wealth hoarding
White supremacy",1.141,20.829,30.169,3,Slavery ,0.871,33.594,46.749,8,"Conglomerate corporations, greed, capitalism, white supremacy",0.942,0.942,24.936,1,"climate disaster, poverty, mass loss of life, untenable living conditions on earth",8,8,8,8,8,8,8,8,1,"1,3,5",,"3,4",,8,4,6,leftist,3,,,,3,1,,2,,605b962df3f478e244c2d5e7
10/9/2023 16:25,10/9/2023 16:31,0,100,361,1,10/9/2023 16:31,R_TnZQNkw6r08lruV,5d3db5cb98775f001769ad10,20.634,41.151,43.768,2,Agriculture and a good climate.,5.829,68.766,71.9,3,A difference in soil and number of people. Also weather impact and geological occurrences.,8.886,35.608,38.301,2,They were imported or grown.,2.927,12.017,27.382,3,"Climate change, caused by pollution.",2.016,2.016,37.238,1,"Drought, famine. Melting of ice caps.",7,8,8,4,3,6,2,4,4,6,,1,,5,1,2,,1,,,2,,1,,2,none,5d3db5cb98775f001769ad10
10/9/2023 16:28,10/9/2023 16:31,0,100,215,1,10/9/2023 16:31,R_3luL0UEq6YbzcB6,57dd186e6598aa0001992616,0,0,29.014,0,"Capitalism, private property rights, fair legal system, rule of law, ",0,0,25.361,0,"Capitalism, private property rights, rule of law, less corruption, good soil conditions, ",0,0,26.97,0,"They used slaves in the fields, they also traded with other countries",0,0,21.213,0,human CO2 emissions,0,0,28.926,0,"rising sea levels, deaths of coral reefs, mass exinctions, increased natural disasters",7,8,7,5,7,5,6,5,2,6,,2,,7,4,2,,1,,,1,,1,,2,Thanks for paying fair!,57dd186e6598aa0001992616
10/9/2023 16:27,10/9/2023 16:31,0,100,232,1,10/9/2023 16:31,R_27D4OQBH6DHNOA4,642954d588469609635ad049,9.486,31.331,38.904,4,Colonization ,2.939,3.087,32.807,2,Colonization played a major role. Most of them colonized African countries,8.088,8.237,27.1,2,They sourced it from the western African communities ,2.403,2.655,23.603,2,Rising temperature on earth is causing mostly by the depletion of the ozone layer,1.487,1.686,21.801,2,"Disease, heat leading to death ",7,6,7,7,6,7,7,7,4,3,,2,,7,5,1,,1,,,1,,1,,2,,642954d588469609635ad049
10/9/2023 16:25,10/9/2023 16:32,0,100,371,1,10/9/2023 16:32,R_2fDoeHlIUgeJzEg,6506fb271609b3c2918bcc8f,1.828,41.361,49.232,8,"Lots of shitty actions by people in power, namely enslaving people. Slaves work for free, you know.",1.041,49.125,62.647,8,"Lots of shitty actions by people in power, namely enslaving people. Slaves work for free, you know. Countries like Haiti had their progress completely stalled by countries like the US and Brittain because of slavery. The whole sugar trade rocked Haiti's world...",1.007,31.525,33.51,5,"By taking over other countries, and enslaving their people. Highly, exclusively, racially motivated.",1.514,42.363,49.599,5,"Fossil fuels, pollution, etc., is a big cause of rising temperatures on earth. Generally, industrialization.",0.921,54.254,55.298,3,"Animal biomes are damaged. Ice caps are melting, harming ecosystems across the world. Harm to animal ecosystems means harm to the animal life cycle.",8,8,8,4,4,6,5,5,2,"3,5",,1,,8,3,1,,1,,,1,,1,,2,,6506fb271609b3c2918bcc8f
10/9/2023 16:25,10/9/2023 16:32,0,100,404,1,10/9/2023 16:32,R_25NkPsNtbLQDGdX,650f1a1796883d11ca4e8597,6.575,6.575,44.722,1,"Colonialism, slavery, and capitalism",1.469,1.469,23.113,1,Colonialism and slavery,0.991,0.991,118.782,1,During the Industrial Revolution western nations sourced raw materials from slaves and colonized countries.,2.192,2.192,45.891,1,Human carbon emission,1.469,1.469,57.593,1,"Consequences include changing weather patterns including worse hurricanes and other storms, droughts which lead to famine, heatwaves causing death, etc.",8,8,8,8,8,8,8,8,1,6,,1,,7,5,1,,1,,,1,,1,,2,,650f1a1796883d11ca4e8597
10/9/2023 16:25,10/9/2023 16:33,0,100,472,1,10/9/2023 16:33,R_voDxbnJUJiHvKFz,56bfba439f7a1e000afdcba9,4.316,4.316,50.965,1,I think the French people were willing to revolt if their personal freedoms were infringed upon. They don't tolerate businesses or other entities messing with their freedom and leisure.,1.285,1.285,73.928,1,"Britain has a history of colonizing other smaller countries. This in turn harms the countries that are colonized. Smaller countries like Haiti and Indonesia did not really have a chance to become a world power because other larger countries would fight over them or claim them, and take their resources for their own.",0.91,41.036,42.12,2,"I'm not sure. I imagine they took raw materials from other countries, probably by force if the other countries did not comply.",8.97,8.97,55.977,1,The Earth has a natural climate cycle. Humans have affected this cycle and have caused it to be out of balance due to increasing greenhouse gas emissions. This has caused a runaway greenhouse effect of temperatures rising over time.,0.923,0.923,55.262,1,"The consequences are dire. Many species of animals and plants will die due to the rising temperatures. Humans will have to fight over resources, and it will lead to war and will also be detrimental to agriculture.",8,8,8,7,4,7,5,6,2,6,,1,,8,4,1,,1,,,1,,1,,2,,56bfba439f7a1e000afdcba9
10/9/2023 16:25,10/9/2023 16:34,0,100,511,1,10/9/2023 16:34,R_1GQbJmiAmXOTW5d,610e6880f784d836a872a9a5,5.343,5.343,73.898,1,"Abundant resourses, a well educated work force, a large workforce.",3.967,3.967,42.106,1,"Abundant resources, a well educated workforce. lack of environmental hardship",9.021,9.021,33.08,1,They bought them from poorer countries for low prices.,1.411,1.411,41.233,1,human factors such as manufacturing and power production. human deforestation.,1.818,1.818,28.338,1,"extreme heat, extreme weather, droughts, natural disasters",7,6,8,8,6,7,5,7,2,6,,1,,3,2,2,,1,,,2,,1,,2,,610e6880f784d836a872a9a5
10/9/2023 16:25,10/9/2023 16:34,0,100,567,1,10/9/2023 16:34,R_3n196bKOm7Ux0P7,5e24fbd4e1f467771c234e5f,1.002,1.002,28.705,1,Taxes and high paying jobs for employees have helped keep them with high standards of living.,1,1,96.601,1,Their citizens have a higher quality of life.,1.192,7.471,95.998,3,It helped with introducing new products for citizens to improve their life.,1.09,1.09,21.281,1,Climate change (2),1.08,1.08,23.455,1,Increase of natural disasters.,8,8,8,7,7,7,7,7,3,6,,1,,6,2,3,,3,,,,3,1,,2,,5e24fbd4e1f467771c234e5f
10/9/2023 16:25,10/9/2023 16:35,0,100,616,1,10/9/2023 16:35,R_PLDU50FOqj8W3Ul,5eacb97b5eaaf53389bfb8a2,13.071,130.401,131.211,5,The resources available to them on the land and the ability to trade easily with other countries allowed them to get a head start on other countries who did not have these things. ,8.748,110.702,112.073,24,"Available resources, governmental systems, economic/personal freedoms, and education are reasons why they are wealthier.",22.732,22.732,56.341,1,"They sourced it from areas where it could be dug up, grown, etc",8.434,114.059,114.716,11,The causes are both natural and unnatural and can be wide ranging from solar activity to man made to planetary activity.,2.453,65.871,67.409,4,All life relies on a certain temperature range to live in.  If it gets too hot the creatures and plants will die off.,5,7,5,5,5,5,3,5,3,6,,2,,7,4,4,,2,,2,,,1,,2,,5eacb97b5eaaf53389bfb8a2
10/9/2023 16:25,10/9/2023 16:35,0,100,620,1,10/9/2023 16:35,R_72Rq9W0FhiU4PAt,5e63e24eaf3bd51660031dbe,8.945,8.945,43.31,1,Wealth gained through imperialism and slavery. It allowed for enormous amounts of capital to be generated.,3.6,22.993,79.808,3,The United States and Britain have invaded and stolen from other countries for centuries. It's allowed them to grow significantly and overpower smaller nations.,10.913,10.913,45.526,1,Slavery. Slaves were the driving force of those supplies.,2.265,2.265,35.533,1,Man-made climate change is the cause of the rising temperatures we're experiencing.,1.694,1.694,71.754,1,"Dangerous weather conditions, such as flooding and droughts. A lack of food due to produce facing harsh weather conditions.",8,8,8,8,8,8,8,8,1,6,,2,,6,4,1,,5,Democratic Socialist,,,1,1,,2,,5e63e24eaf3bd51660031dbe
10/9/2023 16:25,10/9/2023 16:36,0,100,635,1,10/9/2023 16:36,R_3jfxDIE2sWegArD,5f877e0715f8781a0c7c3ab8,12.354,82.659,83.383,5,Rebuilding after World War 2 allowed for the restructuring of governments allowing for changes in standards of living.,6.726,7.846,79.256,2,It all has to do with the industrial revolution.  Countries with historically a lot of power were able to exploit the resources of others building up their industries while the other countries remained poor.,8.929,102.391,103.701,7,"They exploited nations they took over and held power in to take their resources, and use them for their own personal gain within their nations industries.  This allowed them to get ahead while the countries they exploited saw no benefits.",4.702,58.428,86.891,3,"The causes are the increases in C02 which comes from manufacturing, transportation, and livestock.  This increase in the atmosphere has risen temperatures.",4.412,56.428,57.401,2,"The consequences are an increase in extreme weather that's more extreme, changes in areas viable for farming, and increased temperatures that affect animals, humans, as well as farming.",8,8,8,8,6,8,8,8,1,6,,2,,7,3,1,,1,,,1,,1,,2,,5f877e0715f8781a0c7c3ab8
10/9/2023 16:25,10/9/2023 16:37,0,100,702,1,10/9/2023 16:37,R_3foQIsjy1urPCd2,5c8676deddda2d00012ad386,47.747,168.416,169.152,4,"Lots of factors played into theses nations having a higher standard of living. If we look at history we can see that Muslims in the middle east first discovered calculus, however, the crusades destroyed many things that would have put the middle east ahead. That along with having fertile land that was excellent for growing crops. Technology also helped in industrialization.",3.579,3.579,68.909,1,Technology and imperialism.,28.755,141.473,176.44,4,"The west sourced goods from nations that were vulnerable to colonialism. Britain stole trillions of USD worth in goods over their period in India. Belgian had king Leopold II that was in the Congo for rubber. Simply put, we stole resources.",3.82,80.152,86.613,3,"Fossil fuels, greenhouse gas emissions, growing livestock, and deforestation.",4.02,23.231,42.044,3,"Increased sea levels, unusual weather patters, and extreme weather events.",8,8,8,8,6,8,8,8,1,6,,2,,8,5,2,,1,,,1,,1,,2,,5c8676deddda2d00012ad386
10/9/2023 16:25,10/9/2023 16:37,0,100,715,1,10/9/2023 16:37,R_1OJHms15tt2SZGA,61058dd37423c9049056dd96,2.884,45.186,45.43,3,"The industrial revolution, agriculture, colonization, wealth, penicillin.",3.911,21.77,48.098,3,"colonization, slave trade, strong institutions/governance, imperialism.",1.137,1.137,32.306,1,mix of domestic raw materials and imported raw materials.,2.455,37.326,37.639,2,climate change. Green house gases are essentially trapping heat in the atmosphere and causing an increase in temperature.,0.668,0.668,42.417,1,"Changes in climate such as more frequent and severe natural disasters, rising sea levels, changes in weather patterns and animal migrations.",7,7,7,7,7,7,5,7,3,6,,3,,7,2,1,,1,,,1,,1,,2,,61058dd37423c9049056dd96
10/9/2023 16:26,10/9/2023 16:38,0,100,707,1,10/9/2023 16:38,R_2ciNNfUSE9CfCfk,63ed1fa5c88ecae92bf0c920,17.675,67.33,153.186,2,Technological advancements allowed for western nations to propel themselves pretty rapidly. Fast manufacturing and the ability to trade made them very rich and that increased the standard of living.,28.559,132.924,135.389,2,A lot of the reason why a country like Haiti is poor is because of how much they've been infringed upon by the more advanced countries. Haiti wasn't always poor. A large reason why the US and Britain were able to get so wealthy is because of how they've exploited places similar to Haiti and Indonesia.,1.216,1.216,86.152,1,If I had to guess they probably bought it for cheap from lesser developed nations or they went in and just took it and claimed it for their own. Cotton was of course one of the main labor functions of slaves in America.,1.123,1.123,66.694,1,One of the things that impact the temperature is our pollution chipping away at the ozone layer. There are some natural causes as well.,0.884,0.884,94.192,1,Extreme weather conditions and shifts in habitable areas over time. Rising sea levels will eventually take out a big portion of land mass.,8,8,8,6,6,8,5,6,2,3,,2,,5,2,2,,1,,,2,,1,,2,no issues. nothing to add.,63ed1fa5c88ecae92bf0c920
10/9/2023 16:29,10/9/2023 16:38,0,100,544,1,10/9/2023 16:38,R_2wzAEOpaY1m2dKH,5d9f5c0702dca80018822b8e,3.935,55.138,86.35,7,"Factors contributing to high standards of living in Western nations include industrialization, technological innovation, strong education systems, political stability, market-oriented economies, active global trade, effective social policies, infrastructure development, and favorable geography.",1.626,48.608,49.279,8,"Wealth disparities between countries stem from historical factors, industrialization, technological advancements, education, political stability, market-oriented economies, global trade engagement, natural resources, infrastructure development, social policies, and cultural influences. The interplay of these factors contributes to variations in economic prosperity between nations.",1.329,43.275,91.182,5,"During the Industrial Revolution, Western nations, notably Britain, sourced raw materials like rubber and cotton through colonial expansion, global trade networks, and agricultural colonies. The use of slave labor, technological innovations in transportation, and trade agreements facilitated the movement of these materials to industrial centers. Exploitation of natural resources in colonies and advancements in domestic agriculture also contributed to the availability of raw materials for industrial production.",4.754,45.188,62.293,6,"Rising temperatures on Earth result from human activities (greenhouse gas emissions, deforestation, industrial and agricultural practices, waste management) and natural factors (volcanic activity, solar radiation). Addressing these human-induced factors is essential for mitigating global warming.
",2.3,77.096,77.373,5,"Rising temperatures cause climate change, extreme weather events, melting ice, rising sea levels, biodiversity loss, agricultural impacts, health risks, water scarcity, social and economic disruptions, and threats to polar ecosystems. Global efforts are needed to mitigate these consequences.",4,8,6,7,4,3,6,7,4,6,,2,,7,5,4,,2,,1,,,1,,2,,5d9f5c0702dca80018822b8e
10/9/2023 16:28,10/9/2023 16:38,0,100,627,1,10/9/2023 16:38,R_10MeXbX4atLuOIp,5c78b032419dcc0014119082,59.233,70.144,73.201,5,"High standards of living in Western nations result from a combination of historical industrialization, advanced technology adoption, stable political systems, market-oriented economies, global trade engagement, effective social policies, robust infrastructure, favorable geography, and cultural values emphasizing innovation and individual rights.",45.331,45.331,49.622,1,"Wealth disparities between countries like the U.S. and Britain, compared to nations like Haiti and Indonesia, stem from historical factors, industrialization, technological advancements, educational systems, political stability, market-oriented economies, global trade participation, natural resources, infrastructure development, social policies, and cultural influences. These interconnected factors contribute to variations in economic prosperity.",86.489,89.245,89.582,2,"During the Industrial Revolution (1760-1840), Western nations like Britain secured raw materials for industrial goods through colonial expansion, global trade networks, and technological innovations. They established agricultural colonies, engaged in the triangular trade, and exploited natural resources. These strategies fueled the transition from manual to machine-based production.",58.293,64.04,64.316,2,"Global temperature rise stems from human activities like burning fossil fuels, deforestation, industrial practices, and waste management, alongside natural factors such as volcanic eruptions and solar radiation. Tackling human-induced causes is pivotal for climate mitigation.
",67.594,76.481,76.703,3,"Climate Disruption: Rising temperatures result in shifts in weather patterns and more frequent extreme events.

Ice Melt and Sea Level Rise: Polar ice caps and glaciers are melting, causing sea levels to rise, threatening coastal areas.

Extreme Weather: More intense hurricanes, droughts, floods, and wildfires occur.

Oceans in Trouble: Oceans are warming, becoming more acidic, and experiencing damage to marine ecosystems.

Biodiversity Challenges: Ecosystems are disrupted, affecting plant and animal species.

Agricultural Impacts: Changes in rainfall patterns and temperatures affect crop yields.

Health and Water Issues: Health risks increase, and water resources become scarcer.

Societal and Economic Disruptions: Displacement, resource conflicts, and infrastructure vulnerabilities arise.

Polar Ecosystem Vulnerabilities: The Arctic and Antarctic experience significant changes in ice cover and ecosystems.",5,7,8,5,3,6,7,6,2,6,,2,,7,5,5,,2,,1,,,1,,2,,5c78b032419dcc0014119082
10/9/2023 16:25,10/9/2023 16:39,0,100,810,1,10/9/2023 16:39,R_yNKP9u5f6CvZD2x,632b947efa9da6a9bde31f94,9.119,54.526,97.938,3,"Western nations like the United States and France have achieved high standards of living through a combination of factors. Industrialization and economic growth, driven by innovation and access to capital, have created jobs and prosperity. Investments in education and research, along with political stability and the rule of law, have fostered skilled workforces and a conducive business environment. Robust social safety nets, comprehensive infrastructure, and engagement in global trade have reduced poverty and improved quality of life. Access to natural resources and strong institutions have also contributed to their economic success. Cultural values like individualism, entrepreneurship, and a strong work ethic, along with historical legacies such as the Enlightenment and democratic institutions, have played pivotal roles in shaping their societies.",3.121,369.326,370.654,4,"
Wealth disparities between countries like the United States and Britain, in contrast to nations like Haiti and Indonesia, can be attributed to several key factors. Historical legacies, such as colonialism and exploitation, have left enduring impacts on economic development. Access to valuable natural resources, including oil and minerals, greatly influences income levels by providing revenue through exports. The degree of industrialization and technological advancement plays a critical role in productivity and innovation. Political stability and strong legal institutions attract investment and foster economic growth. The presence of an educated and skilled workforce enhances a country's ability to participate in the global economy and drive innovation. Finally, active engagement in international trade and globalization provides opportunities for resource acquisition, technological advancement, and access to broader markets, further contributing to economic prosperity. These factors interact in complex ways to create the significant wealth gaps observed between these countries.",3.331,3.799,126.605,2,"During the Industrial Revolution, Western nations like Britain sourced raw materials like rubber and cotton through colonialism, global trade networks, domestic agricultural changes, technological innovations (e.g., cotton gin), forced labor, and economic systems imposed on colonies. These practices fueled industrialization but often had negative impacts in the resource-rich regions.





",3.004,43.924,54.384,7,My only guess is global warming is on the rise,4.288,45.984,62.876,8,"The consequences can lead to extreme weather events, including heatwaves, hurricanes, droughts, and heavy rainfall. These events can lead to property damage, loss of life, and disruptions to agriculture and infrastructure.",7,5,7,6,5,7,5,5,4,3,,2,,3,1,5,,1,,,1,,1,,2,,632b947efa9da6a9bde31f94
10/9/2023 16:26,10/9/2023 16:42,0,100,936,1,10/9/2023 16:42,R_2wTxv6HBFdm7flx,610cd5f2b38b2d1bffe55477,12.637,70.448,76.89,4,"Western nations historically had access to abundant natural resources and established trade networks that enabled them to benefit from global commerce. Trade provides access to diverse goods and resources, enhancing the overall quality of life.",2.887,132.553,134.106,4,"Engaging in international trade and being integrated into the global economy allows countries to access larger markets, specialize in their comparative advantages, and benefit from the exchange of goods, services, and investments.",2.943,189.664,192.473,8,"They extracted coal, iron, and other minerals from their own territories to power industries and create machinery. The combination of domestic extraction, colonial expansion, global trade networks, agricultural advancements, technological innovations, and policy measures allowed Western nations to secure the necessary raw materials to power their industrialization and drive economic growth during the Industrial Revolution.",6.898,74.084,77.215,13,The melting of polar ice caps and reduced snow cover can increase global warming.,6.171,92.485,120.632,4,"Rising temperatures lead to the accelerated melting of glaciers, ice caps, and polar ice, contributing to rising sea levels, which can increase the risk of flooding.",7,8,8,6,4,6,5,6,3,5,,2,,7,4,3,,3,,,,3,1,,2,Thank you,610cd5f2b38b2d1bffe55477
10/9/2023 16:28,10/9/2023 16:42,0,100,815,1,10/9/2023 16:42,R_0lmSLDRE6hPxiUx,5a3bdd2c8d005a0001829f3e,1.125,6.78,31.364,3,The abundance of technology and willingness to allow a democracy. That allowed for more freedom to innovate and to have higher standards.,11.699,22.075,57.736,7,"Based on how advanced they are. Things like technology and innovation. Some countries have luck, as well, like having oil to sell.",1.81,149.364,223.078,9,"They used slaves, which was highly immoral. It was cruelty how the good were produced. Some countries may not have had slaves, but the most advanced ones did.",0,0,22.519,0,"Humans using fossil fuels accounts for about 95 percent of it, and natural changes the other 5.",0,0,23.558,0,"Species going extinct, resources depleting, and the need to find a new habitable planet.",8,8,8,8,8,8,8,8,1,5,,2,,3,2,2,,1,,,1,,1,,2,No comments.,5a3bdd2c8d005a0001829f3e
10/9/2023 16:39,10/9/2023 16:44,0,100,348,1,10/9/2023 16:45,R_3MlHdbxRLNQVktM,6073e0d481953bbd2cd61145,0.843,5.019,28.597,7,They wanted peace with the world and wanted to show how someone should display that ,2.324,4.334,34.1,3,"They have been a country for longer, own more land and been through more wars for resources ",4.634,4.892,29.7,2,They have slaves pick it from farms,0.567,7.094,21.68,4,Climate change from human activities,0.642,77.812,89.938,10,Causing bad weather that can kill people ,8,8,8,8,8,8,8,8,4,6,,2,,7,3,2,,1,,,2,,1,,2,,6073e0d481953bbd2cd61145
10/9/2023 16:26,10/9/2023 16:47,0,100,1233,1,10/9/2023 16:47,R_1H0hoJ25rAT8yaG,631e3ba1714b8e7f8fe9338d,23.007,23.007,140.012,1,"Technological and scientific innovation. Think of the life changing inventions and advancements. Where were they discovered/invented? This also led to military dominance, which led to control of resources and wealth.",125.138,125.138,171.213,1,"Same reasons as before. If you become technologically superior, and have military dominance, you control resources and wealth.",1.937,62.073,68.899,2,"Grown in third world countries they controlled, mostly.",1.672,1.672,146.666,1,"If you don't ignore the satellite data, which is the most accurate measurement of global average temperature, it has only risen an average of 0.23 degrees Fahrenheit every decade. That is completely in line with what is expected as we come out of the cold period of the late 1800's.",1.228,1.228,260.857,1,"Normal natural fluctuation of the global climate. It would be a lot nicer where I live in the winter. In prehistoric times, Cretaceous Period, it was so warm that it was a temperate climate at the poles.",2,6,2,2,3,2,2,2,5,6,,2,,3,2,3,,3,,,,3,1,,2,,631e3ba1714b8e7f8fe9338d
10/9/2023 16:40,10/9/2023 16:47,0,100,417,1,10/9/2023 16:47,R_AcfkZV21JJCqIFP,629e4d79be0e1ecd4ce30ab4,10.714,10.714,36.222,1,"good trade deals, lack of conflicts, peace treaties, working with other countries.",1.148,1.148,41.149,1,"better income of resources, less war, powerful militaries, being smart about interactions and confilcts.",1.358,1.358,32.816,1,I think they might have used slave labor.,0.906,71.852,72.611,7,"greenhouse emissions, pollution, etc. All coming from big farms mass producing and slaughtering animals, modern lifestyle, cars, electricity, appliances, factories, etc.",1.34,1.34,32.164,1,"loss of crops, food shortages, days too hot to go outside, death, illness, poor will suffer.",7,8,7,3,6,8,7,5,3,6,,1,,3,2,2,,1,,,2,,1,,2,,629e4d79be0e1ecd4ce30ab4
10/9/2023 16:25,10/9/2023 16:51,0,100,1570,1,10/9/2023 16:51,R_OdPfpOCcJUmAFKV,5c573f18d3cc6b0001d9dbc3,16.993,16.993,40.573,1,Free markets and democracy are what I think led to this. ,1.084,45.247,46.76,4,"Education, resources, technology, and job markets are key factors, I think. ",12.913,12.913,56.543,1,They sourced them through slavery. ,0.643,21.942,41.841,2,Humans are the main culprit. Cars and factories adding to the greenhouse gases are driving climate change. ,6.575,6.575,26.362,1,Severe weather events. ,8,7,8,6,5,7,7,7,2,3,,2,,7,2,2,,1,,,1,,1,,2,,5c573f18d3cc6b0001d9dbc3
10/10/2023 10:04,10/10/2023 10:10,0,100,357,1,10/10/2023 10:10,R_33alYBjuYVw2ZIC,637f49e3ed37ae6a19c1c94e,2.522,36.644,37.196,7,Great housing weather ,8.817,37.535,41.348,3,More taxes and more people ,2.655,64.808,65.585,3,Used slaves to do all the hard work ,2.526,23.623,24.177,3,Smog and land waste ,1.629,20.78,21.155,5,Melting glaciers and rising temperatures ,8,8,8,8,8,8,8,8,5,6,,1,,5,1,4,,2,,1,,,1,,2,,637f49e3ed37ae6a19c1c94e
10/2/2023 18:17,10/3/2023 10:24,0,18,58011,0,10/10/2023 10:24,R_3iP96APc6eejDBl,,1.391,64.619,129.54,3,"Historical factors including colonization and industrialization. 
",113.666,114.16,114.163,2,,,,,,,,,,,,,,,,,,,,,,,,,,,,,,,,,,,,,,,,,,,
10/10/2023 10:45,10/10/2023 11:05,0,100,1173,1,10/10/2023 11:05,R_1oGC18cuewbyhrw,63dd1760266cd299e94eaad9,19.323,19.323,40.199,1,the industrial revolution created a robust economy for both ,2.872,17.401,30.518,4,education opportunities and investment opportunities for infrastructure,2.719,36.484,78.629,2,by hand first and then the invention of certain machines like the cotton gin,2.98,21.536,22.423,2,carbon dioxide,1.643,15.779,31.151,3,"shifting weather patterns, rising seas, extreme weather",6,7,5,4,4,6,4,4,3,6,,2,,8,5,4,,2,,2,,,1,,2,,63dd1760266cd299e94eaad9
10/10/2023 10:58,10/10/2023 11:07,0,100,499,1,10/10/2023 11:07,R_32L1Mma1X8FRhI2,6413679df656829532b4429c,1.624,85.731,88.415,7,"Total profitability of the nation or region as a whole: This refers to the overall economic health of the country or region. A strong economy with high levels of productivity and profitability can lead to higher standards of living.

",0.801,5.821,75.983,4,"Employment opportunities and income available to residents: Access to good jobs with fair wages is essential for a high standard of living. In addition, social safety nets such as unemployment insurance and welfare programs can help support those who are unable to work.",0.756,128.472,129.33,8,"The Industrial Revolution was a period of significant change in the way goods were produced. Western nations, particularly Britain, were the first to industrialize and transition from creating goods by hand to using machines. During this period, the raw materials used to produce industrial goods were sourced from various places.


",0.987,21.218,21.558,5,Global catastrophic events and nature in general.,0.664,0.664,22.967,1,Everything and everyone getting too hot and bothered. It is horrible.,2,7,8,2,3,3,3,3,5,5,,2,,4,3,5,,2,,1,,,1,,2,,6413679df656829532b4429c
10/10/2023 10:49,10/10/2023 11:07,0,100,1091,1,10/10/2023 11:07,R_1Iggflav5jdik6C,60ff2c3d915d23318b73ae8d,7.748,7.748,68.886,1,The USA got rich after WW2. We then established ourselves as friends of Europe. We used to all be white countries.,4.573,192.751,226.064,4,"Whites are more evolved. Living in cold environments, we had to do a lot more work to survive than the dark people who live in jungles where food just falls from the trees and they eat bugs. Whites set up civilization, and we know how to make it work. Unfortunately, some kind of misplaced guilt caused us to share our wealth (electricity, medicine, running water, etc) with populations that had not even invented the wheel, and those populations just aren't evolved enough to handle what we can. That's why the blacks and browns generally have less.",7.421,317.806,321.979,24,"We got them from third world countries and used slave labor. Unfortunately we didn't send the slaves back after we freed them.

Look, evolution means survival of the fittest. The world is terribly overpopulated. Allowing these third world countries to either sink or swim on their own is kinder than just killing them off. But as overpopulated as we are, losing half of India to some disease, or sterilizing our own blacks, could be seen as a form of self-defense for whites, and something white governments should consider.",3.644,3.644,77.997,1,There are 8 billion people on the planet when the carrying capacity is only about 2 billion. THAT is the cause of rising temps; the 6 billion extra people and their activities.,2.053,94.632,134.054,3,"There will be extreme weather events and rising seas; followed by a mass die-off of mammals, leaving a small core of survivors. Slowly, over hundreds to thousands of years, some other animal will become dominant.",4,4,3,2,2,2,2,2,5,6,,1,,6,4,4,,2,,2,,,1,,2,"Until we take care of the nuclear issue, specifically the race between China, Russia, and the USA to increase stockpiles, we don't need to worry too much about the future. ",60ff2c3d915d23318b73ae8d
10/10/2023 11:07,10/10/2023 11:11,0,100,238,1,10/10/2023 11:11,R_1dsOWVL4bx1mfbw,611c2ed2d1d6a90e05ceeb30,13.197,20.453,33.127,2,In the US capitalism.,4.672,4.672,22.405,1,The opportunities in these countries will cause them to be wealthier.,1.701,1.701,23.638,1,They reproduced it.,3.683,3.683,22.624,1,It is both human and natural change.,2.4,2.4,22.152,1,"There are no rising temperatures as if there was, it'd be consistent.",3,6,4,4,4,3,3,3,4,6,,1,,6,4,5,,2,,1,,,1,,2,no,611c2ed2d1d6a90e05ceeb30
10/10/2023 10:57,10/10/2023 11:11,0,100,824,1,10/10/2023 11:11,R_2ZIcEtXdEATMWsb,62d18aff4b053b24c0433255,5.309,5.309,128.646,1,"Economic growth, war, good education, infrastructure, democracy",2.661,2.661,81.311,1,"Some countries have more natural resources, are in better locations, and have different values",8.908,8.908,71.069,1,By producing it themselves or by trading goods to obtain what was needed,4.472,86.157,155.831,2,"Carbon emissions from production, pollution, large-scale meat production, procuring and utilizing fossil fuels, transportation",2.421,2.421,167.106,1,"Rising oceans displacing people, animals, etc., rising temperatures in water and on land killing certain animal species and disrupting other ways of life. More and higher heat heat waves, fires, floods, and storms.",8,8,8,6,5,7,5,5,2,6,,1,,5,2,4,,2,,1,,,1,,2,,62d18aff4b053b24c0433255
10/10/2023 10:58,10/10/2023 11:12,0,100,827,1,10/10/2023 11:12,R_323lZlVyE4KbbnT,64e7b82cf08b90337889dfbf,92.657,92.657,96.145,1,progress for the country and inhabitants,85.296,85.296,88.92,1,more work and above all democracy without corruption,41.622,79.596,82.755,2,export and import,11.174,11.174,63.867,1,greenhouse gases,11.192,45.415,48.877,2,that the polar caps are melting,7,8,8,6,6,8,4,7,3,6,,2,,6,3,4,,2,,1,,,1,,2,,64e7b82cf08b90337889dfbf
10/10/2023 10:57,10/10/2023 11:15,0,100,1042,1,10/10/2023 11:15,R_1QioFdvOs9bd363,5fd43da30be3161b9a3ec2d6,17.098,167.242,167.701,3,"Industrialization was the beginning of capitalism and capitalism fuels competition. Eventually, you get the best products and services at the best prices. ",29.235,160.215,160.874,4,More people want to be part of democracies and have freedom. So they try to be a part of those types of systems when possible while leaving those systems that hold them back out spots freedom. ,14.913,122.076,122.816,6,Through international trade. Some countries also exploited slave labor and indentured servants to maximixe profits,8.476,101.568,103.1,2,"The weather changes seasonally and sometimes develops new patterns of extended time, but generally it is about the same. ",9.219,71.142,71.801,2,More plants will grow in more places,3,7,5,4,2,2,4,3,5,6,,1,,8,3,4,,2,,1,,,1,,2,,5fd43da30be3161b9a3ec2d6
10/10/2023 10:52,10/10/2023 11:24,0,100,1884,1,10/10/2023 11:24,R_3k7CypiMND9pmKE,59b17318844a8e0001525b42,1.344,400.208,448.465,8,Heritage of European values from Greek civilization and the influence of Christianity.,1.078,7.309,106.715,6,"They've developed, adopted, or utilized industries and invested in them. They've maintained control over many resources that other other do not have control of.",1.541,62.189,78.644,5,If materials could not be sourced in the Western nations then they were sourced abroad and shipped to where they were needed.,0.993,3.385,85.241,2,The burning of fossil fuels. Also the loss of forests and jungles.,1.349,295.341,347.801,14,"More natural disasters, loss of certain plant life and animals, a gain of invasive plant life and animals, rising costs of food, and insurance for natural disasters, unlivable conditions on coast lines or inward expansion of population and building away from coast lines, (more expensive real estate in those areas as well), loss of adequate buildings due to natural disasters because of building standards in old design practices. more heat related health issues, more injuries due to tornadoes, hurricanes, floods, etc.",7,7,8,2,2,2,5,4,4,6,,1,,7,4,4,,2,,2,,,1,,2,My answers were guesses.,59b17318844a8e0001525b42
10/10/2023 11:23,10/10/2023 11:27,0,100,237,1,10/10/2023 11:27,R_3I66wAfh9NBJ93Z,5c1a4d7d1aea120001fdd685,4.814,4.814,38.677,1,WW2.  Seeing what was happening in the Soviet Union and other places. ,3.451,3.451,22.164,1,Capitalism.  More freedom,9.293,9.293,22.482,1,A part involved slaves,2.069,2.069,22.906,1,nature and natural events. ,2.349,19.012,28.998,2,I don't think we can know for sure.,4,7,2,2,2,2,2,2,3,6,,1,,5,4,5,,2,,1,,,1,,2,,5c1a4d7d1aea120001fdd685
10/10/2023 11:16,10/10/2023 11:29,0,100,769,1,10/10/2023 11:29,R_2qh1dZyVSoxZ54A,651d7d5936110a3a7dbf8f0c,17.635,17.635,134.581,1,"Industrialization, freedom of businesses to develop new products, strong work ethics, less government interference and regulations.",32.718,221.956,222.504,8,"Government corruption, oppression, natural disasters, exploitation by other countries for resources, the geography of these countries. Lack of investments by developed countries to these regions for industrial growth, education and sponsorship.",10.611,10.611,58.44,1,"From ""Third World"" countries. Especially The African nations. ",8.269,8.269,65.15,1,"Natural changes that happen periodically to the planet. For example, we had an Ice Age some 50,000 years ago.",7.574,131.946,132.428,2,Adjustments by humans to their surroundings. Nature cannot be controlled. It created a political talking point for liberal progressives who want to push their agenda and control the masses.,2,4,2,2,2,2,2,2,5,6,,2,,7,2,4,,2,,1,,,1,,2,,651d7d5936110a3a7dbf8f0c
10/10/2023 11:21,10/10/2023 11:30,0,100,539,1,10/10/2023 11:30,R_2tyiJpzgNjnkOkN,5bc5552a23ecbb00012d6cb5,30.563,70.137,70.446,2,"Education of citizens, work ethic and availability of work",4.182,4.182,83.941,1,"Empowering citizens to make better lives for themselves and their families, modernization and a democratic type of government",59.86,59.86,102.525,1,Some were grown in their countries and others sourced from countries with lower prices due to lower labor costs,9.487,85.819,89.814,3,"Natural changes in weather patterns and some due to man-made causes such as pollution, over population and deforestation ",9.575,41.908,42.589,2,"Mrlting ice caps, rising ocean levels. droughts and wild fires",3,4,2,2,2,2,2,2,5,6,,1,,3,3,3,,2,,1,,,1,,2,,5bc5552a23ecbb00012d6cb5
10/10/2023 11:26,10/10/2023 11:35,0,100,573,1,10/10/2023 11:35,R_AsMeogidXLmwKxb,5fe3f78843c57817126e10b2,6.798,6.798,128.12,1,They have access to great healthcare. They are known for their environment beauty ,3.227,3.227,80.06,1,"High education rates, good healthcare, affordable living, jobs available",4.735,21.047,123.583,2,I think things were handcrafted ,3.432,108.398,108.75,2,Cutting down forests and human activity ,1.43,1.43,41.875,1,"Storms, drought, harming animals ",7,7,7,7,7,7,7,7,3,6,,1,,3,2,4,,2,,1,,,1,,2,,5fe3f78843c57817126e10b2
10/10/2023 11:33,10/10/2023 11:39,0,100,345,1,10/10/2023 11:39,R_5BGoZBi13jUjwC5,58f1017ac325470001795b01,1.901,1.901,53.676,1,"The ability to trade, having a way of distributing goods, the economy, development of science and technology",7.038,7.038,45.586,1,They are more developed. The area is better than the other countries. Technology and science are more advanced as well as healthcare. The climate is better.,33.783,33.783,74.869,1,They traded with other countries and formed alliances. They were able to make deals with places in exchange for other goods. ,1.874,1.874,31.012,1,It is natural. The Earth's temperature naturally rises which is why we have hotter summers some years and milder winters other years. It changes over time.,9.594,9.594,53.95,1,"Wildlife is not able to survive due to the heat and droughts. It will be harder for farmers, to have food grow and being able to grow certain things in warmer climates.",2,4,3,4,3,3,2,5,4,6,,1,,7,4,4,,2,,2,,,1,,2,,58f1017ac325470001795b01
10/10/2023 11:28,10/10/2023 11:40,0,100,723,1,10/10/2023 11:40,R_VLjMHQxV1w9A6C5,6171c72f2f0f4024c5aa93b6,46.765,46.765,99.104,1,strong Godly leaders,20.134,55.67,91.594,2,ownership and control of waterways and territories,19.428,19.428,55.87,1,slave and poor workers,16.851,16.851,71.39,1,natural evolution in our solar system,5.557,5.557,93.998,1,"ice melting, rising sea levels, water problems",7,7,7,6,6,6,5,6,3,6,,1,,5,2,4,,2,,2,,,1,,2,,6171c72f2f0f4024c5aa93b6
10/10/2023 11:20,10/10/2023 11:42,0,100,1303,1,10/10/2023 11:42,R_1rp6JZHWo9FuycK,63730b9f9193c199d5e57cde,15.5,15.5,102.9,1,i think because the leaders cared aout the people and also technology has brought us really far. Hard work and counting on one another has helped to.,6.194,6.194,94.184,1,we have better economy a higher standerd of living than other countries. More companies better pay.,2.603,2.603,293.1,1,they made tires and clothes from cotton and made trades to other countries. some was done with hands some was done with machines the more and the faster to make things made it more effecient.,6.583,6.583,351.5,1,"the burning of fossil fuels and cutting down trees has caused alot of tempature problems. Spilling oil in the ocean, littlering plastics, bomb experiments, has caused some, and the earth needing to breath is changing expanding and contracting has contributed some. ",2.532,2.532,155.666,1,The temperatures will get hotter and colder the winters will be longer and the summers will be longer. I think there might be holes in our ozone and continue to grow or get bigger we have to do better and take care of our planet.,6,7,6,6,5,6,4,5,5,6,,2,,6,3,4,,2,,2,,,1,,2,thanks for the survey i answerd the questions the best i could and i did not look anything up.,63730b9f9193c199d5e57cde
10/10/2023 11:36,10/10/2023 11:42,0,100,336,1,10/10/2023 11:42,R_3hltlBeMg22L45C,641cc66ba3e5b3a4231e6e0b,2.396,38.633,39.361,2,"The sense of community, working together, wanting to learn about new things, good climate for agriculture, which led to better conditions, which led to further interventions, and enlightened thinking.",1.995,39.106,40.143,2,"Many of these countries that you're talking about that don't have much wealth, do not have free societies in which people can become self-reliant and productive in trying out new things. In many cases they have a dictator that takes most of the money for him and his cronies.",2.043,42.185,42.989,4,Generally by reaching out and becoming imperialistic when they go to different areas to find raw resources.,6.766,40.302,53.459,3,"Individuals who pay attention to history will tell you that over the history of the Earth, it has that periods where the temperature rises, and when the temperature falls. Long before they were humans on the Earth, there was a global warming, and global cooling.",1.516,16.219,62.892,2,"Everything will get a little bit warmer, until it changes and starts to get cooler.",2,6,2,3,2,2,2,2,5,6,,2,,8,5,4,,2,,1,,,1,,2,,641cc66ba3e5b3a4231e6e0b
10/10/2023 11:29,10/10/2023 11:42,0,100,793,1,10/10/2023 11:42,R_w5Z7aOk9E0GiB9L,5d82dce291fa480016305897,169.629,326.461,327.012,17,Education and technology were some of the biggest factors that allowed them to develop one of the highest standards of living.,0.749,63.666,64.425,3,Some countries are much wealthier because of their technological advancements and the people are more loyal to their country,169.757,202.353,203.064,4,They sourced raw material by trading with other countries.,1.065,5.2,28.061,2,Global warming (2),14.041,20.979,21.532,2,It kills the farmers crops,6,8,7,6,4,7,4,6,4,6,,1,,5,4,4,,2,,2,,,1,,2,,5d82dce291fa480016305897
10/10/2023 11:37,10/10/2023 11:43,0,100,379,1,10/10/2023 11:43,R_DACRySJGl7ruJzP,5f47fbe03c255115b01b09cf,0.793,64.275,70.856,2,The amount of freedom that western nations have allows them to expand seemingly infinitely. If there is a will there will be a way.,0.606,57.641,58.444,2,"The higher standard of living in these countries also includes a higher cost of living, and thus, much more wealth in the country.",1.7,79.053,82.001,2,The resources would have to either be hand-picked or traded in from other countries.,1.205,23.782,33.393,2,natural heat cycles that the Earth will go through.,1.03,29.543,30.2,2,Not many consequences. It just gets a bit hotter sometimes.,2,3,2,2,4,3,2,2,5,6,,2,,3,2,4,,2,,1,,,1,,2,,5f47fbe03c255115b01b09cf
10/10/2023 11:40,10/10/2023 11:44,0,100,286,1,10/10/2023 11:44,R_3qxoyU4CdtZWTad,59ca6d5b46f72100019069c0,2.054,2.054,65.691,1,The availability of raw materials and access to ever-increasingly prosperous consumer markets as well as globalization of manufacturing. The globalization led to lower manufacturing costs and more affordable goods. ,1.038,1.038,34.103,1,"Access to raw materials, capital and a skilled, educated labour force. ",9.48,9.48,44.623,1,"Rubber and cotton were obtained from colonies and other third-world countries, sometimes by using slave labour. ",0.861,0.861,25.058,1,Greenhouse gas emissions and naural factors. ,1.2,1.2,39.831,1,"Sel level rise, difficulty growing crops, stress on various animal species, more severe weather events, droughts, etc. ",6,7,7,6,7,7,5,6,2,6,,2,,8,5,5,,2,,1,,,1,,2,,59ca6d5b46f72100019069c0
10/10/2023 11:42,10/10/2023 11:49,0,100,425,1,10/10/2023 11:49,R_5jaQwxdeGzqiQ6d,64515a85c1df765ce5da6210,7.423,124.84,125.691,7,Natural resources were abundant thus making the countries wealthy. With wealth comes business and trade. This led to the growth of major metropolitan centers and many jobs for the people.,3.446,3.446,22.971,1,Natural Resources and a free market society.,11.813,43.586,71.955,4,They conquered many places in the world that had these resources and shipped them back. The motto was the sun never sets on the British empire. ,2.602,64.352,66.41,2,"Natural causes as the world has been through this cycle countless times, yet humans point to rising temps as human involvement but they have very little amount of data sets.",1.661,19.536,21.228,3,"Rising water, storms",3,7,4,2,2,2,2,2,5,6,,2,,7,4,5,,2,,1,,,1,,2,,64515a85c1df765ce5da6210
10/10/2023 11:45,10/10/2023 11:49,0,100,251,1,10/10/2023 11:49,R_2Pb3AjNRH8R8rye,59db7128e776fd00015ec895,3.041,3.041,22.102,1,Their cultural background and beliefs. ,1.279,1.279,34.423,1,"Because they have better access to technology, water, food, and so on. They are more skilled at things that make them more income.",1.539,27.487,36.182,5,They used manual laborers and slaves.,1.75,1.75,22.006,1,"Pollution, waste, and humans cutting down trees and such for their own benefit.",2.511,19.894,21.234,2,We will eventually make it so that Earth in unlivable and will die off like the dinosaurs.,7,8,7,6,7,6,3,7,4,6,,1,,3,4,4,,2,,1,,,1,,2,,59db7128e776fd00015ec895
10/10/2023 11:38,10/10/2023 11:51,0,100,747,1,10/10/2023 11:51,R_1CEnPlCt5Xx9OMj,609a88c011993058c914a32a,18.482,139.885,156.317,7,I think a big factor for the U.S at least is that that they are a democracy,3.939,77.419,83.874,3,I am not 100 percent sure but I think that they have more to offer and sell so they make more money.,1.439,2.194,53.622,2,I am not sure of the answer to this question.,13.112,13.112,73.11,1,The causes of rising temperatures on earth is from pollution.,1.814,1.814,78.7,1,The rising temperatures could disrupt wildlife and food sources. It could also cause changes in the weather.,6,7,7,5,4,5,5,4,3,6,,1,,3,2,4,,2,,2,,,1,,2,This was an interesting survey.,609a88c011993058c914a32a
10/10/2023 11:47,10/10/2023 11:51,0,100,257,1,10/10/2023 11:51,R_2sDJAjPobYd24Pn,615567110b3d6e418c6add32,0.926,0.926,21.664,1,Capitalism and freedom,1.135,1.135,55.124,1,"Capitalism and freedom. A culture focused on progress, hardwork and delayed gratification. Also a higher iq population",1.045,1.045,27.011,1,"Slave labor, farming and trade",1.284,9.776,30.527,2,Climate change (3),1.013,1.013,34.396,1,Differences in weather and ecosystems,3,3,2,2,3,3,3,3,5,"5,6",,2,,3,3,4,,2,,2,,,1,,2,,615567110b3d6e418c6add32
10/10/2023 11:46,10/10/2023 11:52,0,100,364,1,10/10/2023 11:52,R_1IDUgUkWhTNAoFl,5bec5b873ffbad0001e8b968,5.331,20.762,60.796,3,The advent of factories and wars.  Both are money makers and strong indicators of a healthy economy.,6.627,6.627,36.17,1,The poorer countries are usually riddled with corrupt politicians who are raiding the coffers.,8.397,8.397,27.356,1,They were able to create a supply chain domestically.,3.748,23.176,25.024,2,It is a process that the earth has been going through for millennium.,2.264,28.964,33.849,4,"In the past, people migrated to better temperatures and sources of water.",3,7,8,3,3,2,5,4,5,6,,1,,5,4,4,,2,,2,,,1,,2,,5bec5b873ffbad0001e8b968
10/10/2023 11:44,10/10/2023 11:52,0,100,468,1,10/10/2023 11:52,R_3fC6l71WW23ioG5,642c3fea4a786dc7a85d4f5d,6.133,6.133,50.683,1,"we forced the world to accept and deal in us currency backed supposedly in gold, but now in oil",2.679,2.679,28.437,1,corruption / natural selection,9.531,9.531,24.073,1,grow / export,2.123,2.123,25.487,1,"a natural process, humans have nothing to do with it",1.483,1.483,21.901,1,"increased co2, not much.",2,5,2,2,2,2,2,2,5,6,,2,,7,3,5,,2,,1,,,1,,2,,642c3fea4a786dc7a85d4f5d
10/10/2023 11:45,10/10/2023 11:52,0,100,401,1,10/10/2023 11:52,R_2Yuj8pgLtLV6xVh,60469275f75cd607f61fb973,8.344,8.344,29.632,1,Liberty and the freedom to live life as they want,8.776,73.306,77.666,2,Their governments aren't nearly as restrictive and they aren't dictatorships.,1.606,31.639,51.143,2,"the labor of workers, some paid some slaves",1.41,4.547,33.69,2,natural cycles of the earth,1.495,2.887,41.904,2,"more severe weather, rising costs of goods and services",2,5,2,2,2,5,5,2,5,6,,2,,5,2,5,,2,,1,,,1,,2,,60469275f75cd607f61fb973
10/10/2023 11:44,10/10/2023 11:52,0,100,461,1,10/10/2023 11:52,R_3puoeGbe3IiZH3f,5ea3b1b9fc11ed33dde53561,5.857,23.207,23.594,2,I have no idea. I would guess those who fought for us and our laws in early civilization.,2.256,5.849,22.018,2,They have more businesspeople and relationships with other countries.,4.226,20.798,21.178,5,Through imports and farming?,1.537,11.56,26.115,3,Carbon emissions and human activity.,0.803,1.737,21.901,2,Evaporation and undesirable living conditions ,7,8,7,2,2,2,2,2,4,6,,1,,7,5,4,,2,,1,,,1,,2,,5ea3b1b9fc11ed33dde53561
10/10/2023 11:46,10/10/2023 11:53,0,100,435,1,10/10/2023 11:53,R_vVMI8H3RiGITbr3,5fca97a4b105427256733533,171.755,171.755,203.335,1,They are the leading nations so they have to have high standards for other countries to follow.,1.367,1.367,48.979,1,They have better development in technologies and more educational. ,1.492,1.492,41.25,1,Better machineries to produce raw materials faster. ,1.879,1.879,33.714,1,global warming. Heat rises into the atmosphere and gets trapped by the troposphere.,1.427,1.427,21.175,1,changes in weather. ,5,5,6,2,2,2,2,2,5,2,,2,,7,4,4,,2,,2,,,1,,2,,5fca97a4b105427256733533
10/10/2023 11:41,10/10/2023 11:54,0,100,784,1,10/10/2023 11:54,R_tZ20N7AZaViMrLP,61bb389740db417c1a138cad,4.939,121.703,152.182,6,I think western nations have a higher standard of living because of capitalism.  Capitalism invites innovation and entrepreneurship.  These encourage everyone to flourish instead of doing as little as possible.,1.999,70.791,127.285,4,Factors for wealthy countries include natural resources like oil and minerals.  Some countries that aren't wealthy have bad luck as far as their climate and natural disasters like Haiti earthquakes.,1.702,60.269,101.668,2,Western nations shipped in raw materials like rubber and cotton from other countries like India.,10.281,10.281,103.105,1,Rising temperatures on earth can be due to more carbon from humans.  Examples of the carbon footprint that humans cause are using cars and using heating and air conditioning for their homes.,1.928,1.928,67.598,1,Rising temperatures can cause climate change.  Rising temperatures can cause melting ice caps in the north pole.  These changes can lead to extreme weather conditions.,6,7,6,4,4,4,4,3,4,6,,2,,6,4,5,,2,,1,,,1,,2,,61bb389740db417c1a138cad
10/10/2023 11:50,10/10/2023 11:54,0,100,245,1,10/10/2023 11:54,R_3JbnYuGyHynArjD,5c3d040cc2d0b700017c715b,5.52,5.52,30.501,1,Having the freedom to choose what they buy and invest their money in.,4.801,38.877,39.308,2,We spend our money on foundational resources that will provide better value in the long run ,7.401,18.916,23.966,4,Through fair trade.,2.401,2.401,28.501,1,The atmosphere has been destroyed and we get higher temps.,3.704,25.697,31.701,5,Climate has changer for many years.,7,8,8,7,7,7,5,5,4,6,,2,,7,4,4,,2,,1,,,1,,2,,5c3d040cc2d0b700017c715b
10/10/2023 11:50,10/10/2023 11:55,0,100,284,1,10/10/2023 11:55,R_dp7mHFi1QUTN8kx,6501b36ded6320466eb81209,7.707,38.102,41.906,4,"War, pillaging and colonization have lead to high standards of living",4.086,4.453,57.999,2,"They have robbed and manipulated others into doing their bidding, typically in economic matters.",12.408,12.408,35.135,1,Slave labor was the primary source,3.244,3.244,35.585,1,"Climate change, melting of polar ice caps and increasing holes in the Ozone",2.204,14.873,30.356,3,Wet bulb temperatures rise prevents us from safely staying outside.,4,7,8,3,6,6,3,4,4,2,,2,,6,3,4,,2,,2,,,1,,2,,6501b36ded6320466eb81209
10/10/2023 11:43,10/10/2023 11:55,0,100,757,1,10/10/2023 11:55,R_DtMcyt9aIvovSVP,63d1520c5f3acac26bb4509c,16.122,16.122,145.718,1,Technology and education. ,6.718,47.017,65.164,6,The ability to develop the country's expansion through industrial dominance and technology.,16.926,16.926,74.068,1,Most of the raw materials came from plantations in the south that forced laborers through slavery to product much of the raw materials.,5.993,123.331,161.933,3,"There are different opinions from science centering on the effects of human disregard for what is emitted into the atmosphere causing the carbon emissions to continually expand causing the warming conditions and causing the climate to change dramatically. Alternatively, others are saying that this is a natural evolution of the world's climate.",3.857,119.349,121.764,5,"The overall warming of the earth causing the melting of the ice caps causing rising temperatures that affect wildlife, plantation, the oceans and life in general to be in jeopardy.",6,6,7,6,5,5,5,5,4,6,,2,,6,4,4,,2,,2,,,1,,2,no,63d1520c5f3acac26bb4509c
10/10/2023 11:49,10/10/2023 11:56,0,100,397,1,10/10/2023 11:56,R_a5GdYsHKi3AhXQB,5fb13091b87dfd5888f73e05,14.359,86.405,91.93,2,Because they want a high quality of life. ,4.173,31.35,78.034,2,Due to free trade. Natural resources.,1.956,1.956,37.841,1,By hand. They had slaves that worked the fields.,5.124,16.674,23.038,3,Climate change. (4),1.353,1.353,28.381,1,The ozone layers are getting holes and the earth is getting hotter.,6,6,7,2,2,2,2,2,5,6,,1,,5,1,5,,2,,1,,,1,,2,,5fb13091b87dfd5888f73e05
10/10/2023 11:53,10/10/2023 11:57,0,100,256,1,10/10/2023 11:57,R_2PuTuwCdgcC3kyF,631a68ee10ec68377cb03457,2.021,23.098,30.245,3,Capitalism.,1.3,18.616,22.064,2,Innovation and commerce.,1.24,24.346,24.822,2,They either produced it themselves or imported it.,1.062,29.901,33.078,3,Emissions caused by humans.,1.074,19.114,21.618,2,The planet will be inhabitable for humans.,3,3,3,2,2,2,2,2,5,6,,2,,3,3,4,,2,,2,,,1,,2,No,631a68ee10ec68377cb03457
10/10/2023 11:46,10/10/2023 11:57,0,100,664,1,10/10/2023 11:57,R_DSrCYXCmZ58fDSF,63bdb63007b7ff499cb0e839,6.828,7.252,70.654,2,"Western nations were among the pioneers of the Industrial Revolution, which began in the 18th century. The adoption of mechanized production methods and technological advancements significantly increased productivity and led to economic growth, creating wealth and improving standards of living.",60.309,124.567,140.218,9,"Historical events, such as colonization, the establishment of trade routes, and industrialization, have shaped the economic development of countries. Colonial exploitation and resource extraction during the colonial era significantly impacted the economic structures of many nations, often leaving them at a disadvantage in terms of resources and development.",2.85,7.946,153.107,3,"European colonial powers, including Britain, established large-scale plantations in their colonies to cultivate cash crops like cotton and rubber. For instance, the British set up cotton plantations in places like India, Egypt, and the American South. Rubber was sourced from plantations in Southeast Asian colonies, such as the Dutch East Indies (present-day Indonesia), British Malaya (present-day Malaysia), and French Indochina (present-day Vietnam, Cambodia, and Laos).",9.381,57.086,62.074,2,"The most significant factor contributing to global warming is the increase in greenhouse gas emissions, particularly carbon dioxide (CO2), methane (CH4), nitrous oxide (N2O), and fluorinated gases. Human activities, such as burning fossil fuels (coal, oil, and natural gas), deforestation, industrial processes, agriculture, and waste management, release these gases into the atmosphere. Greenhouse gases trap heat, leading to an enhanced greenhouse effect and warming of the planet.",5.899,35.626,43.337,7,"Average global temperatures are rising, leading to warmer days and nights. This rise in temperature is associated with heatwaves, which can have detrimental effects on human health, agriculture, and ecosystems.
Global warming intensifies extreme weather events such as hurricanes, cyclones, floods, droughts, and storms. These events can cause widespread damage to infrastructure, displacement of populations, loss of lives, and economic disruption.",7,8,8,5,7,6,8,7,4,6,,2,,9,5,5,,2,,1,,,1,,1,,63bdb63007b7ff499cb0e839
10/10/2023 11:51,10/10/2023 11:57,0,100,363,1,10/10/2023 11:57,R_1mfnQ0E7MH07Btx,628f879f0e3931e5275c68ad,0.905,0.905,37.254,1,Advancement in technology and a healthy competitiveness between nations. ,5.365,33.065,75.121,2,Opportunity and a higher import and export business. ,1.876,1.876,37.932,1,Slavery was a big factor in sourcing those materials. As well as paying for exports from other countries ,1.101,24.183,26.853,3,Most people believe it is the rise in CO2 emissions. ,23.786,23.786,50.84,1,"Rise in sea temperatures, extinction of species ect..",7,7,8,6,6,8,6,5,4,6,,2,,7,4,4,,2,,2,,,1,,2,,628f879f0e3931e5275c68ad
10/10/2023 11:48,10/10/2023 11:58,0,100,575,1,10/10/2023 11:58,R_2aEPqW6zq8OflrB,5e6687c2666c4a40886ebc43,27.125,67.409,78.849,2,"The people who explored the new lands were also the ones who wanted mankind to achieve more and aim higher, and had the means to do so",3.237,64.303,74.212,7,"We have and start with more, and use our resources better, or negotiate how to get more. The natural climate (i.e. weather) is disastrous in some parts of the world, too.",10.895,77.738,85.169,3,"they grew/made it, bought it, or stole it. maybe they just took over the countries whose products they wanted (as they're Imperialists)?",6.256,37.178,43.572,3,natural changes in the Earth + possibly humans ruining our natural environment,1.828,1.828,32.26,1,"The Earth is gonna Right herself as she usually does, so maybe all of the life as we know it on her are going to perish",7,8,7,7,6,7,6,6,4,6,,1,,5,2,4,,2,,2,,,1,,2,,5e6687c2666c4a40886ebc43
10/10/2023 11:39,10/10/2023 11:58,0,100,1129,1,10/10/2023 11:58,R_dh5YKV57SAxKp45,646bf9533847a5cbaac4825c,30.59,172.336,189.902,4,I think western countries developed societies that were very organize and that focused on an industrial revolution and the advancement of technology. This might have lead to one factor of developing higher standards of living than in other parts of the world. ,10.746,130.333,135.549,3,"I think having access to certain raw materials helps. Britain, also does collect a great deal of wealth from their citizens in the form of over taxation. This is my my opinion, however. The UK does have focus on industry and a very organized society. ",47.379,47.379,132.853,1,They would go to great lengths to gain these materials and learn how to harness the benefits from these materials so that the use of machines could mass produce essential items that every household would need in daily life. ,17.35,144.477,233.265,24,Rising temperatures lead to the melting of the polar ice caps. This can be devastating to the environment and can lead to a great many devastating situations. I believe it harms the entire planet with the melting of so much of the natural ice in the world.    ,5.973,5.973,64.067,1,"It can lead to an imbalance in the ecosystem. This always causes issues with every ecosystem on the planet, ranging from rainforests to deserts. ",7,7,7,7,7,7,7,4,3,6,,1,,6,2,4,,2,,2,,,1,,2,"This is an interesting study. I come from a background of not growing up being able to just look up answers through a browser on the Internet, so all of my answers were straight from my brain. Thank you so much. ",646bf9533847a5cbaac4825c
10/10/2023 11:46,10/10/2023 11:59,0,100,755,1,10/10/2023 11:59,R_2qslORRaorDMni0,5c1655c7ad682500017070d2,4.359,56.352,90.244,4,"High economic output, industrial innovations and public policy have helped these nations develop a high standard of living.",1.152,1.152,219.868,1,Good political policies and strong foreign policies made these countries wealthier than others.,0.889,35.537,45.589,3,They sourced many of them through slave labor as well as induvial farmers.,11.661,11.661,55.472,1,It is the result of natural fluctuations in temperature on the earth.,3.181,3.181,50.154,1,The consequences are minor and typically will simply make it slightly warmer on earth.,3,4,2,2,2,2,2,2,5,"5,6",,2,,3,4,4,,2,,2,,,1,,2,,5c1655c7ad682500017070d2
10/10/2023 11:50,10/10/2023 11:59,0,100,515,1,10/10/2023 11:59,R_sNfMK2yW5bZHm3n,632f3a97bd86b7830eacb2d5,13.381,13.547,128.367,2,"The rapid expansion of western empires, the use of tools and metals and strong leaders made western society grow rapidly both politically and financially. This allowed for global trade and even more rapid financial growth leading to the high standard of living and quality of life seen throughout western society today.",5.223,5.223,98.098,1,Global trade and early historic expansion allowed countries such as the US and Britain to control global finances. They took advantage of societies that were more local than global to amass great wealth in the beginning and now maintain wealth through established trade and manufacturing.,12.658,12.879,59.47,2,Many of the raw materials were taken from Commonwealth countries ruled by Britain in other parts of the world this allowed them to have many raw materials at a very low cost.,4.04,4.267,52.201,2,Rising temperatures on earth are largely cause by humans damaging the atmosphere through the release of CO2 gases to the atmosphere.,2.572,2.784,41.502,2,Rising temperatures on earth cause melting of ice stores in the north and south they disrupt ocean currents and cause extreme weather events,6,7,6,6,4,6,3,6,2,6,,2,,7,4,4,,2,,2,,,1,,2,Boo comments ,632f3a97bd86b7830eacb2d5
10/10/2023 11:52,10/10/2023 11:59,0,100,402,1,10/10/2023 11:59,R_2tJdJ00PSoKPC2C,612597436eff2c3e15310f3f,0.787,0.787,48.811,1,"Factors such an industrialization and money printing allowed for unlimited growth within these 1st world countries, having access to military and resources helped secure their place.",5.568,5.568,39.021,1,"Higher standard of living, higher wages leads to more access to better healthcare and helps with average life span.",0.625,44.728,46.401,2,"We used rubber to create tires, parts for machines and a lot of constructions jobs, we used cotton to industrialize the clothing industry and make clothing affordable for all.",0.701,0.701,38.592,1,"The causes of rising temps include human carbon pumping activity, natural and weather events happening all over the world to create change in weather patterns. ",0.719,0.719,30.109,1,"The consequences include rising sea levels, flooding, hotter summer and colder winters as well as abnormal weather patterns.",6,4,4,6,7,4,5,4,5,6,,2,,5,3,4,,2,,2,,,1,,2,,612597436eff2c3e15310f3f
10/10/2023 11:49,10/10/2023 12:00,0,100,656,1,10/10/2023 12:00,R_1oG7rjh1IQdXaDO,5db6f5c8c5ffeb000ac7cfb2,17.121,17.121,125.858,1,Conquering the native people of the land through killing and taking over ownership of the land while also using the land through farming and mining contributed to the western nations to develop on of the highest standards of living in the world.,5.987,5.987,108.984,1,"When a country conquers other nations through military forces and/ or through exploration, they then own that land's natural resources which enriches them.  Then, they have even more resources and power to go after additional nations' land, etc.",8.373,8.373,99.317,1,"They conquered and ruled over nations all over the world (like India, Australia, etc.) and took those lands' raw materials to produce industrial goods.  The conquered by military force.",4.49,4.49,82.844,1,We have been increasingly burning fossil fuels and we are also cutting down too many trees.,2.721,2.721,85.563,1,"The balance of the earth is being throw off so plants and animals are dying.  Ice caps are also melting, which is not good for the plants and animals that rely on that habitat.",7,8,8,7,6,7,5,6,2,2,,1,,7,4,4,,2,,2,,,1,,2,,5db6f5c8c5ffeb000ac7cfb2
10/10/2023 11:49,10/10/2023 12:01,0,100,733,1,10/10/2023 12:01,R_1IaDDpYjQaCIEuQ,6460a5c4be2b393475006c79,10.851,161.204,185.32,7,"The Industrial Revolution, which played a crucial role in transforming Western economies. It led to the growth of factories, and increased productivity. Created wealth and jobs, significantly improving living standards.",4.228,122.893,133.628,9,Slavery can be a factor that has influenced the development disparities within Western nations like US and countries like Haiti,12.137,34.525,90.356,2,Western nations engaged in trade agreements and treaties with other countries to secure access to specific resources. ,8.069,46.959,52.519,5,Rising temperatures on Earth,2.514,73.897,88.004,6,"Climate change alters weather patterns, leading to increased frequency and intensity of extreme weather events such as hurricanes. ",8,8,8,7,7,7,7,7,1,5,,2,,8,5,2,,2,,2,,,1,,2,,6460a5c4be2b393475006c79
10/10/2023 11:57,10/10/2023 12:05,0,100,433,1,10/10/2023 12:05,R_2qvEvvb4zU0DiCa,5d16b6890a274600163f6518,8.755,8.755,33.333,1,Capitalism helped western nations develop wealth via a free economy ,1.625,6.152,37.576,3,Countries such as Britain have free elections to ensure less corruption ,10.818,23.356,24.38,4,By using slave labor :( ,5.1,5.1,25.398,1,Natural environmental patterns and increased emissions,14.348,14.348,21.671,1,More natural disasters ,4,7,6,7,4,7,5,5,2,"5,6",,1,,8,4,4,,2,,2,,,1,,2,,5d16b6890a274600163f6518
10/10/2023 11:56,10/10/2023 12:06,0,100,609,1,10/10/2023 12:06,R_s5utJ6kROKqsSf7,5bc3f805f70e2e000121f9b0,17.907,17.907,108.552,1,God blessed them. They had good land and plenty of water for farming and raising animals. Plentiful trees and resources to build with. ,6.705,6.705,50.887,1,They had better resources to trade and build with to get started. Better education to pass down also. ,21.105,21.105,46.409,1,Through mining natural resources and trade. ,4.662,4.662,79.098,1,Natural changes occur over time but mostly man-made pollution and overpopulation. ,2.886,145.197,150.768,7,More severe weather such as heatwaves and hurricanes. Changes in the ocean's temperature could cause massive die-offs of sea life.  ,7,8,8,4,7,5,3,3,5,6,,1,,2,2,4,,2,,1,,,1,,2,,5bc3f805f70e2e000121f9b0
10/10/2023 11:50,10/10/2023 12:08,0,100,1068,1,10/10/2023 12:08,R_OrRy8E78gxrNxF7,5d337586669d96001cbbb059,0.836,279.28,283.966,12,"Things that have lead western nations to develop in a higher standard include: industrialization, technological advancements, strong institutions, a robust education system, centralized infrastructure such as public transportation, energy girds, and communication, and most importantly of all: natural resources such as oil, minerals, and arable land.",1.212,124.853,125.812,6,"Things such as global trade, natural resources, and geopolitical factors have contributed to prosperity for wealthier countries such as the US and Britain. Infrastructure and education also play a large role in a countries wealth.",2.962,59.42,191.312,13,"During the industrial revolution some relied on slave or forced labor to harvest raw materials. However, with the industrial revolution came advancements such as the steam engine, railway networks, and improved shipping methods to make things easier.",0.886,145.822,146.092,12,"Rising temperatures, to my knowledge are caused by trapped carbon emissions in our atmosphere that cause sunlight to stay in earths atmosphere instead of exiting after striking Earth's surface, thus increasing global temperatures through the ""greenhouse effect"". The primary cause of this climate change is a large amount of carbon emissions into our atmosphere by people and large corporations.",0.853,146.46,207.027,5,"Rising temperatures cause increased inclement weather such as hurricanes, monsoons and other weather phenomena. Rising temperatures also melt polar ice caps causing a rise in sea level. Other impacts include the death of certain fauna and flora species that are unable to adapt to the changing conditions due to temperature and habitat loss.",7,7,8,4,4,6,4,4,4,6,,2,,3,1,4,,2,,2,,,1,,2,,5d337586669d96001cbbb059
10/10/2023 11:53,10/10/2023 12:17,0,100,1486,1,10/10/2023 12:17,R_T8lXbf32R8BfqFj,6348846ae221cb4a0efbf3f9,15.992,155.505,199.076,3,"I truly have no idea where France is concerned.  As for the United States, I've lived here for 80 years and have never been more ashamed of my country than in these past few years.  There is so little regard for life now that mothers are killing their children and little boys want to be little girls and vice versa.  Jesus Christ will return soon enough and the world will finally know the truth.",66.741,66.741,274.903,1,"The Brits have always had more wealth than the countries mentioned.
Third world countries suffer so much from hunger and home.  Most live in hovels and their children die from hunger.  I can't understand that we, as Americans, who even the poorest have more than these countries, do not step in and feed and house the many who suffer.",61.136,61.136,91.596,1,I truly do not have the first idea.  History was not a subject that I thrived in.,477.579,590.663,593.679,3,"the atmosphere traps heat radiating from earth. Global warming, 
Burning fossil fuels, cutting down forests.",30.769,30.769,86.006,1,Higher temperatures.  Greenhouse gases contribute this.,8,8,8,8,3,6,7,6,2,6,,1,,5,4,5,,2,,1,,,1,,1,This was difficult for me and I did ask Siri for the answer to a question regarding emissions from earth.,6348846ae221cb4a0efbf3f9
10/10/2023 11:53,10/10/2023 12:22,0,100,1751,1,10/10/2023 12:22,R_1hF51biY4MeIMVp,58fd1e751178370001dd35bb,2.592,159.392,200.901,2,"I believe this would be the result of wanting better for it's citizens . Additionally, education  has helped with the understanding of economics, increased standards of living and   how far the dollar will go. For example the value of the dollar 50 years ago verses today.",12.753,307.083,307.859,15,"A lot of countries( more so) 3rd world countries lack the infrastructure, a solid functioning government and education. With out a competent education system in place the others will not thrive.  You must be willing to learn to put forth the work to get results.  Lastly, there are numerous countries that are crippled with bad unforeseen weather that it prevents them from making significant head way. Again, I believe if there was a formal education system in place for all ages and gender these conditions would improve.",16.305,379.072,380.656,15,"I believe the majority of goods were sourced from the earth much as it is today.  There were ships that carried product and resources from one part of the world to the other. Then there was the steam engines that helped to dig up resources from the ground or even out of the water. And while this appeared to be the  revolution most individuals and families still continued to prosper doing it the ""old fashioned"" way as they were familiar with. Using their hands.",1.274,122.754,251.945,15,"Rising temperatures are a result of our actions. We are dependent on easy-to-use and I want it now... this has a cost. We have used resources like they are going out of style. Society is always taking and trying to be bigger and better. With this mentality we have hurt the next generation and the next.  The garbage , the waste, the non recycle materials are rearing their ugly heads and hurting wildlife, fish  and water.  ",1.623,260.294,287.339,10,"Consequences of rising temperatures are physical illness, lack of shade trees, lack of renewal resources. The wildlife are dying. We are infringing on their habitats. The best way I can describe it will resemble the religious verses. There will be fire, wind, damage to water and diseases. I am sure there are more specific ones. When you take one it has a domino route to the next and anything in its wake will get it.   'We"" humans are the smartest creatures yet so dumb.  ",4,8,7,4,4,6,3,3,5,6,,1,,7,2,4,,2,,2,,,1,,2,"The U.S needs to fix and stay focused on it's own self. Land and people. We must fix our own issues before we can fix others. While it is nice to think we are generous and should step in financially to save others  that is not going to help our generations an the next. Education will go a long way and it will not cost the US billions by sticking its nose in other countries business needlessly. ""Teach a man to fish.""  ",58fd1e751178370001dd35bb
10/10/2023 13:00,10/10/2023 13:04,0,100,208,1,10/10/2023 13:04,R_6o4jZ568SwhnTs5,65216028272b3e939c42f063,5.167,21.735,24.777,5,Democracy; energy production; military spending.,2.966,20.167,21.301,3,Location; energy production; leadership that does not rob the people.,1.445,20.145,21.183,7,From the lands they were on and imported the rest via the rivers.,2.3,2.466,21.705,2,Fracking; excess plastic waste; smog; cutting down trees; chemical dumping ,1.292,20.293,21.414,2,Ice caps melting ; insane heatwaves ; rivers and oceans rising.,7,8,6,6,3,7,6,6,4,6,,2,,3,2,4,,2,,1,,,1,,2,,65216028272b3e939c42f063
