RecordedDate,factors led western nations to develop highest standard of living,ExceptionalismQ1,CircumstantialQ1,ColonialismQ1,no codeQ1,why are some countries much wealthier than others,ExceptionalismQ2,CircumstanceQ2,ColonialismQ2,no code,opin_1,opin_2,opin_3,opin_4,opin_5,opin_6,opin_7,opin_8 ,opin_9,demo_1 ,demo_1 _8_TEXT,demo_2 ,demo_2 _5_TEXT,demo_3 ,demo_4 ,demo_5,demo_5_6_TEXT,demo_8 ,demo_8 _5_TEXT,demo_9 ,demo_10,demo_11 ,USBorn,USBorn_2_TEXT,hon_1,hon_comments 
10/4/2023 18:09,Trade and development ,1,0,0,0,They are producing more goods and services that they can sell ,1,0,0,0,7,8,6,6,7,6,5,6,2,6,,1,,5,4,2,,1,,,1,,1,,2,
10/4/2023 18:13,Civil unrest forcing governmental changes.,1,0,0,0,"Colonization, white supremacy, pillaging and stealing valuable resources from the global south.",0,0,1,0,8,8,8,6,8,8,6,7,2,7,,1,,8,4,2,,1,,,1,,1,,2,
10/4/2023 18:14,I dont know.,0,0,0,1,slavery,0,0,1,0,5,8,7,7,6,7,6,7,3,3,,1,,5,4,3,,3,,,,3,1,,2,
10/4/2023 18:19,Access to natural resources. Preferable climate for habitation. Relative lack of large predators.,0,1,0,0,Much of that ties back to colonialism and imperialism and how nations like Britain exploited those who were less advanced at the time and essentially provided generational national wealth for themselves.,0,0,1,0,7,8,7,6,3,6,6,6,2,6,,2,,8,4,2,,1,,,1,,1,,2,
10/4/2023 18:21,I'm not sure - perhaps it was the class and racial divide between slavery in the US and France's control of Algeria. They used those resources to develop their own societies.,0,0,1,0,"Again, probably slavery and indentured servitude. As well, resources that both countries had (cotton, land, wares) led to favorable positions that again, led to incredible growth and booming industries that other countries don't have.",1,1,1,0,7,8,8,7,8,8,7,7,2,"3,6,7",,1,,8,4,2,,1,,,1,,1,,2,
10/4/2023 18:21,I’m not sure at all. We just have a very work-driven mentality. Perhaps we/they also have access to a lot of money and materials.,1,1,0,0,I feel like inherited wealth is a big part of why some countries are wealthier than others. It is very difficult to move up in social class especially in lower developed countries.,0,0,0,0,6,4,7,6,5,6,6,5,2,6,,"3,4",,7,4,2,,1,,,1,,1,,2,
10/4/2023 18:22,"Immigration, expansion of territories, war, money, powerful military, and a lot of factors have influenced the way these countries became what they are today. Unfortunately, the US in particular gained a lot of its power by taking over other peoples lands and using slave labor. Not saying that's a good thing, but we did use other people to our benefit to grow.",1,0,1,0,"Having a higher population and larger territory, better economy to build up the military, taking land and people from other countries, having high rates  of immigration, less formidable competition in some cases, location and local resources, etc.",1,1,1,0,7,8,8,7,5,7,6,7,2,6,,2,,8,2,1,,1,,,1,,1,,2,
10/4/2023 18:23,"After World War II, the countries were able to capitalize on working together to create a global economy as well as the highest tax rate that America has ever had. ",1,0,0,0,"Many countries have traditionally been colonized and exploited. When there has been attempts to benefit those countries with charity, there have been many cases of the money or food not going to those in need.  The US and Britain have been focused on capitalism as a point of most policies.  ",1,0,1,0,8,8,8,8,8,8,8,8,1,6,,2,,7,3,1,,1,,,1,,1,,2,
10/4/2023 18:23,"Unfortunately, I don't have enough information or know enough to properly answer this question. I like to admit when I don't know something rather than make up things that I think are the case. ",0,0,0,1,"This is another question I don't feel qualified to properly answer. However, the development of these countries in their history must have led to better opportunities for things like technological advancement allowing countries to better enrich themselves with the fruits of said developments. I cannot really say otherwise. ",1,0,0,0,7,8,8,5,5,8,5,6,2,6,,2,,7,3,3,,3,,,,4,1,,2,
10/4/2023 18:24,I believe it was the proliferation of capitalism and democracy. The ability for western nations to have sway within their government really makes a difference. Capitalism allows a surplus of money and gives everyone the opportunity to make it to the top no matter their beginning situation,1,0,0,0,"Unfortunately, it is probably from the US and Britain, within their earlier years, stealing from these countries. Our government is also a big reason why we are different",1,0,1,0,6,7,8,4,7,4,5,6,2,6,,2,,5,2,2,,1,,,2,,1,,2,
10/4/2023 18:25,Manufacturing and then computing. Banking and financial markets. ,1,0,0,0,"We have more money in general than they do. China started manufacturing all sorts of things,  including computer chips which has gained them so much power in the world ",1,0,0,0,8,8,8,8,7,8,7,8,1,6,,1,,8,2,2,,1,,,1,,1,,2,
10/4/2023 18:26,"High standards of living in Western nations, such as the United States and France, result from factors like industrialization, market-oriented economies, education, political stability, resource access, infrastructure, social welfare, global trade, and cultural emphasis on entrepreneurship and work ethic. Nonetheless, disparities persist, and conditions can change.",1,1,0,0,"Some countries like the United States and Britain are much wealthier than others like Haiti and Indonesia because of a bunch of reasons. In the past, richer countries often took over poorer ones, which set them on a different path. Also, things like having lots of natural resources, good government, and education can make a big difference. Plus, being part of the global economy and having stable politics help. These factors are all connected and can be hard to change, but it's important to work on them to reduce wealth differences between countries.",1,1,1,0,7,7,7,6,5,6,4,4,3,2,,2,,7,4,2,,1,,,2,,1,,1,
10/4/2023 18:26,"Hard work. Access to immense natural resources, education, and drive and fortitude.",1,1,0,0,Long-term business and natural resources.,1,1,0,0,3,6,3,2,2,2,2,2,5,5,,2,,7,5,4,,3,,,,2,1,,2,
10/4/2023 18:27,I have no idea,0,0,0,1,"how long they have been established, size, power, money, allies, education",1,1,0,0,6,7,7,3,4,4,3,4,4,6,,1,,8,3,3,,3,,,,1,1,,2,
10/4/2023 18:28,Probably a lot of scientific research to actually discover things and reach standards of living. Good access to materials to build things. Recovering from political instability,1,1,0,0,"Presence of natural resources, investment in education and services, past/present geopolitical disadvantages, presence of a functioning government",1,1,0,0,6,7,7,5,3,6,4,6,2,6,,1,,7,5,2,,1,,,2,,1,,2,n/a
10/4/2023 18:28,I believe colonization of other lands and people helped  Western nations with obtaining higher standards of living. Also the industrial revolution ,1,0,1,0,They have more organized government and infrastructure vs other countries. They also likey gained much wealth and power via wars of the past ,1,0,0,0,8,8,8,8,8,8,8,6,1,6,,1,,7,4,1,,1,,,1,,1,,2,
10/4/2023 18:28,"I think the Industrial Revolution caused the higher living standards in these countries. From moving to an agrarian society to one of manufacturing, many things changed for western countries. People were used to having more things, especially more convenient things. They had more time and more money to invest in innovations and inventions, most of all indoor plumbing. As the manufacturing industry grew for these inventions, do did relative wealth, and the cycle continues from there. ",1,0,0,0,"I would again say the Industrial Revolution had huge resounding impacts on wealth distribution. When factory jobs became available, people had to work less hard for more money. Racism is another factor here though. As these industrialized countries made more things out of their own resources, they had trampled other places and took their intrinsic wealth for themselves. ",1,0,1,0,8,8,8,6,5,5,5,7,2,6,,1,,5,3,1,,3,,,,1,1,,2,
10/4/2023 18:28,"I think the Industrial Revolution led to the high standards of living in the west. Also, possibly post World War II influenced contributed the high standard of living. ",1,0,0,0,"I think the form of government a country had, whether there is civil war or unrest, and the resources available to the country impact the earth of a country. ",1,1,0,0,7,8,8,6,3,3,5,5,3,6,,1,,7,2,2,,1,,,2,,1,,2,None at this time. 
10/4/2023 18:32,Different for different nations. High standard of wages often reflects strong currency compared to other nations with a smaller gaps in earning between employers,1,0,0,1,Britain/USA specifically has a strong currency that has been built up by utilizing the natural resources of other nations. They have been able to leverage this and human capital to help facility management with other nations.,1,0,0,0,4,4,4,6,6,6,2,3,5,6,,2,,7,3,3,,1,,,2,,1,,2,
10/4/2023 18:32,"These countries developed strong capitalist economies that fostered innovation, entrepreneurship, and competition. This economic prosperity allowed for the creation of wealth and a high GDP per capita.",1,0,0,0,"Many wealthy countries, including the United States and Britain, had extensive colonial empires in the past. They extracted resources and established trade networks that laid the foundation for future economic development.",1,0,1,0,7,7,7,7,7,7,7,7,1,6,,2,,8,5,2,,2,,2,,,1,,2,
10/4/2023 18:33,"Public education 
Industrialization 
Literacy ",1,0,0,0,the economic powers exploited the less wealthy countries as they were discovered by mOre developed countries. ,0,0,1,0,8,8,8,8,4,8,5,5,1,6,,2,,7,4,2,,1,,,1,,1,,2,global climate change is a critical issue for our planet and getting that message across to all peoples is crucial to the success of our efforts to reverse global warming.
10/4/2023 18:33,Government changes?,1,0,0,0,The can make tech and objects others can't to trade for wealth. Also have the army might to not be taken advantaged of.,1,0,0,0,6,4,7,6,7,6,6,7,1,6,,1,,5,3,1,,1,,,1,,1,,2,
10/4/2023 18:33,"Imperialism, basically. Taking what they wanted from the world for centuries.",0,0,1,0,Imperialism and in turn slavery/subjugation of natives.,0,0,1,0,8,8,8,7,4,7,5,6,2,6,,2,,7,4,1,,1,,,1,,1,,2,
10/4/2023 18:34,"Multiple movements concerned with the rights of everyday people and what their government should provide for the. Events like the French Revolution, as well as the American Revolution, and the philosophy brought about during the Age of Enlightenment all coalesced to make Westerners feel like their governments all owe them a certain standard of living in exchange for their taxes and following the laws and standards set forth by said government. ",1,0,0,0,"Britain enjoys more wealth than other certain countries due to the former colonial empire which she presided over. Many of these former colonies had their resources stripped, their populations decimated, and their cultures suppressed, and these systems continue to have effects on the countries which were a part of these colonial systems, even centuries on.",0,0,1,0,8,8,8,8,8,8,8,8,2,6,,1,,5,3,1,,1,,,1,,1,,2,"My field of study is Western History in the Early Modern Period, so this study happened to coincide with my pool of knowledge "
10/4/2023 18:34,"I'm unsure of the specific factors, and I would guess it depends on what is defined as ""highest standards of living."" I would guess more generally that following the significant period of colonialism that many of these countries took part in, they established a sense of authority over many other countries that affected how we see commerce and military presence today. Given that these western nations were considered military powers, this may have influenced commerce and allowed these countries to develop significant wealth, and thus spend money on institutions central to maintaining higher standards of living.",1,0,1,0,"Similarly, I think the earlier colonization likely played a big role in country wealth. Although I'm unsure of the wealth disparity between such countries, I would guess that earlier perceptions of certain countries as stronger in terms of military forces gave the appearance of strength, in turn influencing how some countries benefit from the global market. I believe this also influenced global perceptions of some countries. For example, if a large market believes that the US is superior for certain reasons, they may believe products and services that come from there are more sought out, driving up prices. Overall, I believe lasting perceptions and consequences from colonization created a snowball effect that still informs today how countries are perceived.",0,0,1,0,7,8,7,7,6,7,5,7,2,6,,1,,8,4,2,,1,,,1,,1,,2,
10/4/2023 18:34,Industrialization and globalism.,1,0,0,0,"Industrialism, globalism, stronger economies, advancements in technology, and corporations.",1,0,0,0,2,2,2,2,2,2,2,2,5,6,,2,,9,5,5,,2,,1,,,1,,2,
10/4/2023 18:35,"Industrial growth, education and hard work",1,0,0,0,"Resources, high moral and education standards, medical breakthroughs and laws for cleanliness",1,1,0,0,2,8,3,2,3,2,2,2,4,6,,1,,6,4,5,,3,,,,3,1,,2,
10/4/2023 18:35,these nations exploited human labor from other areas of the world for their own good and then let capitalism run largely unchecked creating better but more expensive goods,0,0,1,0,"'-forced exploitation of human labor 
-systemic oppression
-individualistic culture",1,0,1,0,8,8,8,8,8,8,8,8,1,6,,1,,7,3,1,,1,,,2,,1,,2,
10/4/2023 18:35,Imperialism and capitalist exploitation of workers at home and especially abroad. ,0,0,1,0,Countries like Haiti and Indonesia had their resources exploited by imperialist powers like the US and Britain.,0,0,1,0,8,8,8,8,8,8,8,8,1,6,,2,,8,2,1,,1,,,1,,1,,2,
10/4/2023 18:35,vaccinations and garbage pickup,1,0,0,0,lots of entrepreneurs and stable forms of government,1,0,0,0,8,8,8,6,6,6,6,6,2,6,,2,,7,1,2,,1,,,1,,1,,2,
10/4/2023 18:36,Industrial revolutions and colonialism/slavery.,1,0,1,0,Industrial revolutions and colonialism/slavery.,1,0,1,0,8,8,8,5,6,8,5,5,2,6,,2,,8,4,2,,3,,,,1,1,,2,
10/4/2023 18:36,The large population and how they benefitted from colonizing other places,0,1,1,0,prejudice and racism as well as more companies being established in the USA ,1,0,0,0,6,7,5,6,6,6,6,6,2,6,,2,,4,1,4,,2,,2,,,1,,2,
10/4/2023 18:36,The belief that they are among the most powerful countries in the world.,0,0,0,0,The wealthier countries were able to develop more rapidly and took advantage of other countries that were less fortunate.,1,0,1,0,6,8,6,6,5,6,5,6,3,"5,6",,1,,6,3,2,,1,,,2,,1,,2,
10/4/2023 18:37,"A relatively stable economy
A relatively stable political environment
A moderate climate
Many natural resources",1,1,0,0,"A more stable political environment
A more stable economy",1,0,0,0,7,8,8,8,8,8,8,8,1,6,,1,,5,1,1,,1,,,1,,1,,2,
10/4/2023 18:37,A well devoted and working financial system ,1,0,0,0,Well developed financial system,1,0,0,0,6,8,7,7,6,7,8,7,3,6,,2,,6,3,5,,2,,1,,,1,,2,
10/4/2023 18:38,I believe it was global trade that helped,1,0,0,0,Resources and trade at the most pivotal point in time,1,0,0,0,7,6,8,5,6,6,4,6,3,3,,1,,3,4,2,,1,,,1,,1,,2,None
10/4/2023 18:39,Western nations such as the U.S. stole the natural resources of the global south and the labor of the east to have high standards of living. ,0,0,1,0,These countries stole natural resources and used slave labor to become as wealthy as they are. ,0,0,1,0,8,8,8,8,8,8,8,8,1,6,,1,,7,6,1,,1,,,1,,1,,2,
10/4/2023 18:40,"Having money and a high population, also the government systems.",1,1,0,0,"Leadership, and not receiving help from other countries. Natural disasters and the land being affected by it",1,1,0,0,4,6,6,6,5,5,5,6,3,3,,2,,3,3,6,Independent ,3,,,,1,1,,2,
10/4/2023 18:42,"High incomes as a nation that are also felt on the individual/family level? Democracy?

I think these two things create access to things like healthcare and food and shelter but at the root is money that, in some sense, results in shared profits, even though that ""sharing"" can be very unequal at times. ",1,0,0,0,I think Hati and Indonesia were colonized and their ability to make money was taken from them and the countries that colonized them took all the profits. I listened to a new york times story once on all the debt that Haiti incurred as part of their rebellion and uprising against France. France literally crippled their economy for generations with fines and penalties and debt. I don't know anything about Indonisia but I would not be surprised if a country like Britain did something similar to them. ,0,0,1,0,8,8,8,8,8,8,8,8,1,6,,1,,7,4,2,,1,,,1,,1,,2,
10/4/2023 18:43,The idea that western nations have the highest standards of living in the world is an ethnocentric idea. There are many cultures and nations across the globe with high standards of living. Many are much higher than the US which I would argue doesn’t have a high standard of living compared to other “developed” nations. ,0,0,0,1,"This can easily be traced through the history of colonialism, specific British colonialism and imperialism in addition to other European countries and the US. ",0,0,1,0,7,8,8,7,4,6,6,7,1,6,,1,,8,3,2,,1,,,1,,1,,2,
10/4/2023 18:43,"By developing trade and partnerships between other countries and leading the way, they were able to develop higher standards or living.",1,0,0,0,"US and Britain have invested more money towards schools, educations and public needs, while many third world countries have not.",1,0,0,0,6,8,7,4,6,5,6,4,3,6,,2,,3,3,2,,1,,,2,,1,,2,Enjoyed
10/4/2023 18:43,I would have to say after they abolished slavery it started to get better for everyone. It changed even further with civil rights leaders in the 50s and through to today. We have a long way to go but it seems we are on the right path even with people on the far right trying to make life harder for people.,1,0,0,0,"Britain colonized everywhere and took over many resources that should have rightfully belonged to it's country of origin. I would have to say that the US is wealthier because of certain industries such as the auto industry, food production etc",1,0,1,0,8,8,8,8,5,8,6,8,2,6,,1,,3,2,1,,1,,,1,,1,,2,Thanks
10/4/2023 18:43,"I'm not sure, but my guess would be inventions and quicker advances in technology.",1,0,0,0,I think democracy helps to curb down corruption.  Corrupt governments seem steal a lot of wealth from their citizens.,1,0,0,0,4,6,6,4,3,4,3,4,3,6,,2,,5,2,4,,2,,2,,,1,,2,
10/4/2023 18:45,Proximity to USA who captured global trade with post WW2 recovery plans and exports their inflation to the rest of the world through weaponization of USD and SWIFT,1,0,0,0,"Complicated history of Colonization, natural resources, free trade. Can not be answered because predates modern nation states",1,1,1,0,3,8,2,5,4,3,3,5,4,6,,2,,7,5,3,,3,,,,3,1,,2,
10/4/2023 18:45,"Personal freedoms, ever growing populations, democracy, and business competition.",1,0,0,0,"Poorer countries have less natural resources than other countries deem as valuable and would, therefore, trade with them ",1,1,0,0,6,7,8,6,4,6,4,7,1,6,,1,,5,2,2,,1,,,1,,1,,2,
10/4/2023 18:46,"I think western nations were quick to develop industrialization and advanced trading systems which allowed these countries to build and accumulate wealth. With increased wealth, leads to increased opportunities that can result in a higher standard of living. More wealth led to more opportunities and resources to develop economies, infrastructure, jobs, etc.",1,0,0,0,"Like I said, Western countries developed advanced trading and economic systems that enabled them to build and maintain wealth. I also think that race played a role. Wealthy nations tended to be ""white"" nations. Countries in which the white race is the majority has had a history of dominating other racial groups.",1,0,1,0,8,8,8,6,7,6,5,6,1,"5,6",,1,,7,4,2,,1,,,2,,1,,2,
10/4/2023 18:46,"The ability to attract the brightest people from around the world. For reasons that are historically unfair to other nations or not, western nations were able to capitalize on what they got from their colonial past and keep attracting people from other countries. THat helps innovations and wealth to stay in those nations. ",1,0,1,0,"Mostly it has to do with the colonial past. However, the resources a country has has to do a lot with it too. Other countries (like the Emirates and so on) also had a colonial past to some degree, but they were able to capitalize on their natural resources. Although it also depends on the population density. ",1,1,1,0,6,7,7,6,7,6,6,6,4,6,,1,,8,4,3,,1,,,2,,1,,2,
10/4/2023 18:48,"Colonialism, trans-Atlantic slave trade, winning WW2, capitalism and democracy, taking advantage of people and resources in poorer countries, industrial revolution ",1,0,1,0,"Exploitation, sanctions/loans/punishment from the wealthier countries, ",0,0,1,0,6,7,7,8,7,8,7,7,1,6,,1,,8,4,2,,1,,,2,,1,,2,
10/4/2023 19:01,"I think factors such as rich resources as well as a headstart on industrializing lead western nations to have the standard of living that they do today. These western nations that have a high standard of living are that way because they have an advanced economy, but a base need to achieve a rich economy is access to resources. This way people are able to not only trade products with others but also invent technology that enables them to become more efficient in producing. Some of these countries also had wide reaching connections with each other, allowing them to progress even faster with the help of others.",1,1,0,0,"These western countries had a headstart on industrializing, which meant they were able to travel more efficiently, produce better weaponry, and therefore have the upper hand when it came to encountering more land. They were then able to overpower other countries and steal resources from them, even including people they took as slaves. This allowed them to gain more power and make more money.",1,0,1,0,7,6,7,4,6,7,6,7,2,6,,1,,3,2,3,,3,,,,3,1,,2,
10/4/2023 19:26,I think both countries came out of a revolution around the same time (the late 1700s) which forced a new way of thinking and living?,1,0,0,0,US and Britain are well-established countries who have historically kept their power through force and colonization of colored people. Folks in Haiti and Indonesia are still recovering from the oppression and lack of development that came with being colonized. ,0,0,1,0,6,7,6,4,6,5,6,5,3,3,,2,,8,4,2,,1,,,2,,1,,2,
10/7/2023 16:20,Scientific advances as well as a shared goal and most followed same religion so that had similar ideas ,1,0,0,0,Due to previous empires's wealth and industies,1,0,0,0,7,8,8,6,6,7,5,6,2,5,,2,,6,5,2,,1,,,2,,1,,2,
10/7/2023 16:21,Building a profitable and successful society.,1,0,0,0,"Some countries have a more structured government and corporate relationship, where profits are a main focus.",1,0,0,0,6,7,8,7,5,6,6,7,2,6,,2,,3,4,2,,1,,,1,,1,,2,
10/7/2023 16:21,I have no clue. ,0,0,0,1,I assume oil and colonism.,0,0,1,0,8,8,8,8,7,8,7,6,2,6,,1,,8,4,2,,1,,,2,,1,,2,
10/7/2023 16:21,"Democratic governments, reliance on slavery and colonization to bring in income, revolutions against unjust governments raising living standards.",1,0,1,0,Some countries benefited from colonization and slavery while other countries were victims of it. Some governments are corrupt and pocket money the country makes while leaving the country poor.,0,0,1,0,7,8,7,6,7,6,4,6,3,6,,3,,7,2,1,,1,,,2,,1,,2,
10/7/2023 16:22,"Their economy, culture, and values",1,0,0,0,The UK invaded and imperialized other countries in order to gain wealth,0,0,1,0,8,8,8,4,7,6,5,4,4,"6,7",,1,,8,4,1,,1,,,1,,1,,2,
10/7/2023 16:22,"Economy size and the size of their armies? I don't really know, just guessing here about what I would assume is the reasoning.",1,0,0,0,"They had more resources and were able to use those resources, while the other countries weren't able to develop their resources or didn't have the ability to develop them.",1,1,0,0,6,6,6,3,3,5,3,4,4,6,,2,,3,3,3,,3,,,,2,1,,2,
10/7/2023 16:22,"Strong economy, well educated populations, strong consumerism",1,0,0,0,"Political and economic power, population size, ties to other nations",1,1,0,0,8,7,6,6,5,6,5,6,2,2,,1,,7,4,2,,1,,,2,,1,,2,
10/7/2023 16:22,"Technology, power, desire to be envied ",1,0,0,0,"gross domestic product,
Military 
Population
Taxes
",1,1,0,0,8,8,8,7,6,7,7,7,1,2,,2,,7,3,2,,1,,,2,,1,,2,
10/7/2023 16:22,"the industrial revolution, colonization",1,0,1,0,"assets, military power",1,0,0,0,7,7,7,7,7,7,7,7,2,4,,2,,7,4,4,,2,,2,,,1,,2,everything was fine.
10/7/2023 16:22,The motivation for freedom and a better life.,1,0,0,0,Conquering other lands and winning wars.,1,0,0,0,3,4,4,3,3,3,4,3,4,6,,2,,7,3,3,,3,,,,3,1,,2,
10/7/2023 16:22,People leaving their countries with low standards wanting something better,1,0,0,0,More advanced societies where people can work on gaining wealth rather than surviving ,1,0,0,0,7,7,7,5,5,5,5,5,3,2,,2,,7,4,2,,1,,,2,,1,,2,
10/7/2023 16:23,"Much of it was having the highest concentrations of wealth from previous periods. Being slaveholders/explorers and using other nations to grow your own gives you a leg up. They are also some of the longest ""stable"" democracies in the world.",1,0,1,0,Many of the wealthier nations enslaved/conquered the poorer nations before they had independence. Systemically draining a nation of resources to fuel your own is something as old as time.,0,0,1,0,8,8,8,6,6,8,7,8,2,6,,2,,3,2,1,,1,,,1,,1,,2,
10/7/2023 16:23,Probably an extremely fast pace of technological advancement coupled with top quality health care.,1,0,0,0,They manufacture products that are in high demand and they pay their workers more.,1,0,0,0,8,8,8,8,8,8,8,8,1,6,,2,,7,1,4,,2,,2,,,1,,2,
10/7/2023 16:23,Geography and natural advantages created wealth that lead to a high standard of living,0,1,0,0,They had sustained historical advantages in natural resources and imports and exports,1,1,0,0,6,8,8,6,4,6,4,6,2,2,,2,,3,2,1,,1,,,1,,2,South Korea,2,
10/7/2023 16:23,"The industrial revolution, better farm land, access to water transportation.",1,1,0,0,Cultures and historical governments that are much more stable,1,0,0,0,4,6,6,3,3,6,2,3,4,6,,2,,7,4,4,,3,,,,2,1,,2,
10/7/2023 16:23,"I think factors include the cost of living, the economics, and society as a whole. ",1,0,0,0,"Some factors would be the amount and quality of jobs available, also how economically stable the country is as a whole.",1,0,0,0,2,5,5,6,5,5,5,5,5,"5,6",,1,,3,2,3,,4,,,,3,1,,2,
10/7/2023 16:23,No idea. My guess is it has something to do with treatment in the past.,0,0,0,1,Capitalism? US and Britain are pretty capitalist countries compared to places like Haiti and Indonesia.,1,0,0,0,7,7,8,7,7,7,3,6,4,"2,6",,1,,4,2,1,,5,Socialist,,,1,1,,2,N/A
10/7/2023 16:23,"The high standard of living in Western nations, such as the United States and France, can be attributed to a complex interplay of historical, economic, social, and political factors. Here are some of the key factors that have contributed to their high standards of living:

Industrialization: The Industrial Revolution, which began in the late 18th century in Western nations, played a pivotal role in transforming their economies. This period saw significant advancements in technology, manufacturing, and transportation, leading to increased productivity and economic growth.

Capitalism: Western nations have largely embraced capitalist economic systems, characterized by private ownership of businesses, free markets, and competition. Capitalism has incentivized innovation, entrepreneurship, and investment, leading to economic prosperity.

Education and Innovation: Investment in education and research has been a hallmark of Western societies. Well-funded educational institutions and a culture of innovation have allowed these nations to lead in scientific and technological advancements.

Political Stability: Political stability and the rule of law are essential for economic growth. Western nations have generally enjoyed stable political systems, which encourage investment and entrepreneurship.

Social Welfare Programs: Many Western countries have robust social welfare programs that provide citizens with access to healthcare, education, and unemployment benefits. These programs help reduce poverty and promote a high quality of life.

Infrastructure Development: Western nations have invested heavily in infrastructure development, including transportation networks, communication systems, and public utilities. These investments improve the overall quality of life and support economic activity.

Global Trade and Market Access: Western nations have historically been active participants in global trade. Access to international markets has facilitated economic growth and increased standards of living.

Natural Resources: Some Western countries, like the United States, have abundant natural resources, which have contributed to their economic prosperity. However, it's important to note that not all Western nations are resource-rich.

Cultural Factors: Western societies often emphasize values such as individualism, personal freedom, and entrepreneurship, which can drive economic growth and innovation.

Welfare State and Social Safety Nets: Many Western countries have established comprehensive welfare states and social safety nets to protect citizens from poverty, illness, and unemployment. These programs contribute to a higher standard of living by reducing income inequality and providing a safety net for those in need.

Globalization: Western nations have been at the forefront of globalization, benefiting from the expansion of markets, trade, and investment opportunities worldwide.

Military and Geopolitical Influence: Some Western nations, particularly the United States, have maintained significant military and geopolitical influence, which can help protect their economic interests and promote stability.

It's important to note that while Western nations have achieved high standards of living on average, there are still disparities within these countries, and not all citizens enjoy the same level of prosperity. Additionally, economic and social policies can vary significantly between Western nations, leading to variations in standards of living.",1,1,0,0,"The wealth disparity between countries, such as the United States and Britain compared to countries like Haiti and Indonesia, can be explained by a combination of historical, economic, social, and political factors. Here are some of the key factors that contribute to this wealth gap:

1. **Historical Factors**:
   - **Colonialism**: Some countries, particularly in Africa, Asia, and the Americas, experienced centuries of colonial rule that exploited their resources and labor, leaving them with economic and social disadvantages.
   - **Imperialism**: The expansionist policies of certain Western powers led to the extraction of wealth and resources from colonies, further exacerbating economic disparities.

2. **Economic Factors**:
   - **Economic Structure**: The economic structure of a country, including its industries, trade policies, and economic diversification, plays a significant role in determining its wealth. Developed countries often have diverse and advanced industries.
   - **Access to Global Markets**: Countries that have better access to global markets can export their goods and services more easily, promoting economic growth.
   - **Natural Resources**: The presence or absence of valuable natural resources can significantly impact a country's wealth. Countries with abundant natural resources may have a comparative advantage in certain industries.

3. **Social Factors**:
   - **Education and Human Capital**: The level of education and skills of a country's population is crucial for economic development. Investment in education and training can lead to a more productive workforce.
   - **Healthcare and Quality of Life**: Access to healthcare, a low disease burden, and overall quality of life contribute to a country's economic productivity.
   - **Income Inequality**: High levels of income inequality can hinder economic growth and lead to social and political instability.

4. **Political Factors**:
   - **Political Stability**: Countries with stable political environments tend to attract more investment and experience higher economic growth.
   - **Governance and Corruption**: Effective governance and low levels of corruption are associated with economic prosperity.
   - **Property Rights and Rule of Law**: A strong legal framework and protection of property rights are essential for economic development and attracting foreign investment.

5. **Geographical Factors**:
   - **Climate and Geography**: Geography can impact a country's agriculture, infrastructure, and vulnerability to natural disasters, which can affect its economic development.
   - **Landlocked Status**: Landlocked countries may face higher transportation costs for international trade, which can be a barrier to economic growth.

6. **International Relations**:
   - **Trade Agreements**: Participation in trade agreements and economic partnerships can boost a country's exports and economic growth.
   - **Foreign Aid**: International aid and assistance from developed countries can provide crucial resources for development in less wealthy nations.

7. **Cultural Factors**:
   - **Social Norms and Values**: Cultural factors, such as work ethic, attitudes toward entrepreneurship, and willingness to take risks, can influence a country's economic development.

8. **Technological Innovation**:
   - **Access to Technology**: Access to and adoption of advanced technology and innovation can significantly impact a country's economic productivity.

It's important to note that these factors interact in complex ways, and the relative importance of each factor can vary from one country to another. Moreover, some countries may face unique challenges or advantages that are not easily categorized. Addressing wealth disparities often requires a combination of domestic policies and international cooperation to promote economic development and reduce poverty.",1,1,1,0,6,7,5,6,4,4,5,6,3,6,,2,,7,5,1,,1,,,2,,1,,2,
10/7/2023 16:23,i think winning world War 2 was a huge factor in the west becoming dominant ,1,0,0,0,"most countries are historically ""too big to fail"" unlike the smaller less developed ones. also some countries have lots of natural resources they can use to leverage power. ",1,1,0,0,6,7,6,7,3,7,3,6,4,6,,2,,5,3,2,,1,,,2,,1,,2,
10/7/2023 16:24,These countries started with a high level of wealth in the past. This has led them to continuing their high level of wealth. They also colonized other countries in order to extract their wealth.,0,0,1,0,"Some of the poorer countries were colonies that had all their wealth taken from them. Instead of being able to use their own natural resources, they were stolen for far below value.",0,0,1,0,7,8,8,8,6,8,7,8,2,6,,2,,7,3,1,,1,,,1,,1,,2,
10/7/2023 16:24,Access to natural resources and energy resources as well as a political system that protected property rights and capital rights allowed high standards of living to develop in those western countries.,1,1,0,0,The factors that led some countries to be much wealthier than other countries is how those countries invested in international trade and established business and shipping routes around the world. The fact that those countries also had a government that protected business interests helped make those countries wealthier.,1,0,0,0,8,8,8,6,7,6,2,6,3,6,,2,,9,5,2,,1,,,2,,1,,2,I have no additional feedback or thoughts to share about this study now.
10/7/2023 16:24,"Affordable healthcare for all, less homeless population, higher wages",1,0,0,0,"taxes are higher, tourism",1,0,0,0,7,7,7,6,5,6,6,6,2,6,,1,,7,3,1,,1,,,2,,1,,2,
10/7/2023 16:24,determination and drive to develop technicological advances to promote humanity.,1,0,0,0,One factor that some countries are wealthier than others is capitalism,1,0,0,0,2,4,2,2,2,2,2,2,5,6,,2,,7,4,4,,2,,1,,,1,,2,
10/7/2023 16:24,I have no clue,0,0,0,1,I feel other countries are wealthier than others because they have stricter laws and higher standard  of living. ,1,0,0,0,7,8,7,3,5,7,3,3,5,6,,1,,3,2,3,,3,,,,3,1,,2,Have a great day! 
10/7/2023 16:24,Imperialism and exploitation of other peoples gave Western countries the advantage of creating the highest living standards,0,0,1,0,"Imperialism and exploitation of other peoples, use of their raw materials/resources helped these countries gain wealth ",0,0,1,0,7,8,8,6,6,6,4,6,2,6,,2,,7,4,2,,1,,,2,,1,,2,
10/7/2023 16:24,"Colonialization, Innovation, Resources, Money, Education",1,1,1,0,"less corruption, more resources, education",1,1,0,0,3,6,6,3,3,3,2,3,5,2,,2,,7,3,4,,3,,,,2,1,,2,
10/7/2023 16:24,"The Industrial Revolution, the cotton gin, WW2 all boosted western nations in the long run ",1,0,0,0,"Wealthier countries typically took over the other countries by force at one point and even when rebellions happened, they retained some form of import export",0,0,1,0,6,7,7,6,6,5,5,5,4,"1,6",,2,,7,4,2,,1,,,1,,1,,2,
10/7/2023 16:24,I don't know. I guess because they're wealthy and the governments are kind of democratic. ,1,0,0,0,I guess because they're world powers which I guess means military might,1,0,0,0,6,6,7,5,3,5,6,5,3,6,,1,,5,1,2,,1,,,2,,1,,2,
10/7/2023 16:24,Early opportunities for them to become wealthy through forced labor and the development of the scientific revolution being centered in those countries.,1,0,1,0,Early building of wealth through colonization and forced labor.,0,0,1,0,8,8,8,8,6,8,7,8,1,6,,2,,7,4,1,,1,,,1,,1,,2,
10/7/2023 16:25,I really don't know but if I had to guess it would probably be the eradication of disease.,1,0,0,0,I believe it is because of colonialism. The countries like Britain who took control of the globe at one point have never given these other counties the ability to recover from colonialism. The royal family still make visits to those countries. Whats keep them wealthier? Keeping them down.,0,0,1,0,7,7,7,7,7,7,7,7,2,6,,2,,6,3,2,,1,,,1,,1,,2,
10/7/2023 16:25,"A competitive capitalist system enabling an open, free marketplace of ideas and the ability to create and implement new businesses. Support for scientific research and development. Growing populations. Natural resources, e.g., land, available to support industry.",1,1,0,0,"A tradition of a strong, reliable political system and form of governance that follows the rule of law. Political and economic stability.",1,0,0,0,6,7,5,5,5,5,5,5,3,6,,2,,9,4,4,,2,,1,,,1,,2,no comments
10/7/2023 16:25,"The factors that led to the west developing a high standard of living has been the industrialization of everything, along with the manufacturing push that resulted from military conflicts.",1,0,0,0,The industrialization and manufacturing that it controlled by those countries leads to the massive wealth.,1,0,0,0,8,8,8,7,7,8,6,7,1,"1,5,6",,2,,6,2,1,,1,,,1,,1,,2,
10/7/2023 16:25,I think the democracy these countries enjoy helps with good competition to bring quality ways of life.  I think people have to be free and willing to work as a country to be a great place to live.,1,0,0,0,"I think the way they choose to run their countries is a lot of it.  People who have corrupt leaders will suffer because their leaders do not care about them, only getting rich themselves.",1,0,0,0,8,8,8,6,5,7,6,7,3,6,,1,,6,3,1,,1,,,1,,1,,2,
10/7/2023 16:25,Global trade was a main factor in developing the highest standards of living in the western world.,1,0,0,0,"Throughout time some countries (e.g., Britian), maintained colonialism and collected taxes from other less developed countries, allowing them to become much wealthier than their counterparts.",0,0,1,0,6,8,7,2,6,5,2,5,5,6,,2,,3,3,3,,3,,,,3,1,,2,
10/7/2023 16:25,I would say immigrant people coming to the land of opportunity.  Money and riches developed nice things for people and it grew. ,1,0,0,0,"Third world countries do not have the infrastructure such as sanitation, housing, money to improve their standard of living. Clean water and food is a shortage.  ",1,0,0,0,7,8,8,8,7,6,5,5,3,6,,1,,5,4,2,,1,,,1,,1,,2,
10/7/2023 16:25,Western nations are so successful because of the unification of its country and the many battles won.,1,0,0,0,"It mostly depends on supply and demand. Many third world countries have a lot of supply but not a lot of demand in there country. Although, bigger nations, have both markets in a balance.",1,0,0,0,5,6,6,7,6,7,5,6,3,3,,2,,6,3,3,,3,,,,2,1,,2,
10/7/2023 16:25,Factors that led to that included improvements in technology and intellectualism such as during the Renaissance and industrial revolution.,1,0,0,0,"Greater contact with the rest of the world to gain and build on technological and ideological advancements, as well as to trade resources, may have been a major cause of why some countries are much wealthier than others. ",1,0,0,0,5,6,5,5,5,5,5,5,3,2,,2,,7,2,2,,1,,,2,,2,Canada,2,
10/7/2023 16:26,Industrialization and technological advancements,1,0,0,0,"Some countries have more access to resources. Access to modern infrastructure, including transportation networks, energy grids, and communication systems, is crucial for economic development and competitiveness.",1,1,0,0,6,7,7,5,6,6,7,6,2,2,,1,,7,3,2,,1,,,2,,1,,1,
10/7/2023 16:26,The Industrial Revolution. Western cultures generally had a technological advantage when compared to other parts of the world.,1,0,0,0,A large focus on trade. Countries like the US and Great Britain were more heavily involved in trade for a much longer period of time. They have established trading relationships with other nations of the world.,1,0,0,0,7,7,7,6,6,6,6,6,2,2,,2,,7,5,2,,1,,,1,,1,,2,
10/7/2023 16:26,stable economy as well as stable way of life. meaning we werent always at war and fighting with other nations all the time. we also set rules and standards for a lot of things which made things easier to work towards a goal.,1,0,0,0,better use of resources. become civilized much sooner than others. benefited from exploration and expansion to gain power,1,0,0,0,4,6,4,2,2,2,2,2,5,5,,2,,6,3,4,,2,,2,,,1,,2,
10/7/2023 16:26,don't know,0,0,0,1,don't know,0,0,0,1,7,8,8,7,8,8,5,5,3,6,,2,,3,2,2,,1,,,1,,1,,2,
10/7/2023 16:27,"Union membership, strong industrialization, diverse and open citizenship",1,0,0,0,"Colonialism, wealth extraction, resource extraction, class enforcement",0,0,1,0,8,8,8,8,7,8,8,8,1,6,,2,,9,2,1,,3,,,,3,1,,2,you are loved
10/7/2023 16:27,I'm assuming the western nations had more advanced technology. ,1,0,0,0,"We had technologies like rail ways, fabrics, and way more. ",1,0,0,0,8,8,8,6,6,6,8,6,5,3,,1,,3,2,3,,3,,,,3,1,,2,
10/7/2023 16:27,"A long history of western dominance has certainly helped to give these countries a leg up. In terms of contemporary times, the technological advancement of these countries is a key factor. Nations relying heavily on manufacturing economies don't seem to have the highest standards of living in the world. ",1,0,0,0,"A history of western colonization and dominance certainly plays a big factor. Perhaps geography and weather may play a factor as well. I think of it a bit like generational wealth. It's easier to build wealth if you are already wealthy, so these western countries have had a historical advantage for centuries. ",0,1,1,0,8,8,8,8,8,8,7,7,2,2,,1,,7,5,2,,1,,,1,,2,S. Korea,2,
10/7/2023 16:28,Competition with Eastern nations such as Russia and China.,0,0,0,0,Because they enslaved and colonized through military force and technology that exceeded the capabilities of their captors.,1,0,1,0,8,8,8,8,8,8,8,8,1,6,,4,,7,4,1,,3,,,,1,1,,2,
10/7/2023 16:28,"
People wanted to be healthy and avoid disease and the only way to do that is to be clean. ",1,0,0,1,"
New colonialization is a large factor as to why Britain is much wealthier than other countries. New colonialization is when they go and take resources from the smaller countries and simultaneously force them to abandon their culture and worship the Christian God. A large factor is that Britain is a bully that amassed power over millennia and is still operating proudly as we speak. I'm not saying anything negative necessarily about Britain. More power to them I gather. However, it's really easy for me to say that sitting here in my cushy office chair with a full belly and civilized implements surrounding me in my Rockwellian contentment. If I was a villager getting raped and sold into slavery in the name of Christ so Britain can have diamonds, or, water, or, what have you, I'm sure I'd sing a different tune. ",0,0,1,0,6,8,8,5,5,5,6,6,3,6,,1,,5,4,3,,3,,,,2,1,,2,
10/7/2023 16:28,Hard work and technology advancements. Also having natural resources and knowing how to trade helped etc. Democratic elections to pick the best leadership to guide the countries.,1,1,0,0,More organized governments and leaders. Alot less corruption from within. Democratic elections.,1,0,0,0,5,6,6,2,2,2,4,2,4,6,,2,,3,1,4,,2,,2,,,1,,2,
10/7/2023 16:29,Western nations were able to focus on and utilize technological innovations to grow and prosper.,1,0,0,0,"Countries can be wealthier due to natural resources in their land, technological strength, and/or winning wars.",1,1,0,0,6,6,7,4,4,6,5,5,3,2,,2,,7,2,2,,1,,,2,,1,,2,
10/7/2023 16:29,"I'm not much of an historian, but I'd guess the advertised pursuit of the American dream, which was probably driven by war and need for power and stability.",1,0,0,0,"War, Politics, and Capitalism",1,0,0,0,6,7,6,6,5,5,6,5,3,6,,2,,5,2,3,,3,,,,3,1,,2,Thanks of the survey!
10/7/2023 16:29,Not sure,0,0,0,1,Because of capitalism.   Competition is what drives a good economy. ,1,0,0,0,4,5,3,2,2,2,2,2,5,8,Human,2,,5,4,5,,5,Conservative Libratarian ,,,3,1,,2,
10/7/2023 16:29,The ending of World War 2 which lead the U.S to become one of the world's leading superpowers in terms of military power which made them one of the richest countries in the world,1,0,0,0,The factors that explain why some countries such as the United States and Britain are much wealthier than other countries is because of the inflation rate of their currencies (the dollar and the pound) in relation to the inflation rate of other places in the world such as Venezuela and Zimbabwe,1,0,0,0,5,8,7,5,8,5,8,8,2,6,,2,,3,2,3,,3,,,,3,1,,2,I did not experience any technical difficulties while taking this survey
10/7/2023 16:29,"I think investing in education, winning world wars to competition was wiped out, natural resources (i.e. the gold rush in the US) and having a democratic form of government",1,1,0,0,The gold standard was huge and made the US dollar as the standard currency. Britain used to be a global empire and gained a lot of resources that way.,1,0,0,0,7,7,7,6,3,5,5,4,2,6,,2,,9,3,2,,3,,,,1,1,,2,
10/7/2023 16:29,"Market economies, rule of law, liberal (classical) values, women in the workforce, decent geographic resources (excluding Japan), valuing education.",1,1,0,0,"Low corruption, natural resources, capitalism, good education systems, advanced financial systems.",1,1,0,0,3,7,3,3,3,3,3,3,3,6,,2,,7,3,4,,2,,2,,,1,,2,
10/7/2023 16:30,"Level of industrialization, proximity and relations with England and other rich countries, and geographical locations that provided security from conflict.",1,1,0,0,"I would say that some reasons might be the unified government and focus on anti-corruption practices. Often times it is also the case that the wealthier countries settled in poorer countries, took them over, and then sent large amounts of money back to their own country leaving the settled countries with less money and resources than they would have had.",1,0,1,0,8,8,8,7,8,8,7,7,2,6,,2,,6,2,1,,1,,,1,,1,,2,
10/7/2023 16:30,"Post-world war II resources, I'd imagine. In other words, the size and infrastructure to build up an economy during decades when other countries simply didn't have the same luxury.",0,1,0,0,"History of colonizing smaller nations for centuries still contributes to present day wealth. Also, resources available to build functioning economies after world war 2 helped certain countries gain a leg up.",0,1,1,0,7,8,7,6,6,6,5,6,2,6,,2,,9,5,2,,1,,,2,,1,,2,"Everything worked great. My only very slight criticism is that I did this on mobile and that possibly made my answers a bit shorter than they otherwise would have been if I had a real keyboard in front of me. I don't know that it would affect answer quality more broadly, but maybe consider not allowing mobile phones next time? Just a thought."
10/7/2023 16:30,Technology,1,0,0,0,Due to systematic systems and opportunities put in place centuries ago,0,0,0,0,6,7,4,3,3,6,3,3,4,6,,2,,7,4,3,,3,,,,3,1,,2,
10/7/2023 16:30,I feel the main factor that led western nations to develop the highest standards of living in the world was capitalism- power. ,1,0,0,0,"Some of the factors that explain why some countries are much wealthier than other countries are: educational, trade on goods, and familial traditions ",1,0,0,0,6,8,7,7,7,7,8,7,3,3,,1,,8,5,1,,3,,,,3,1,,2,
10/7/2023 16:32,Technology advancements,1,0,0,0,"technology, geopolitics",1,0,0,0,6,7,7,7,6,7,6,7,1,6,,2,,8,1,2,,1,,,2,,1,,2,
10/7/2023 16:33,"Technological progress was the biggest factor in developing western nations. The Industrial Revolution made it so that there were more jobs, increased production/efficiency which led to lower prices and more goods. Overall, it launched western nations into a steady expansionary period as the increase in trade within the economy grew.",1,0,0,0,"Similar to the previous questions, technological progress advanced much quicker in countries like the US and Britain in comparison to other countries. This made production more efficient and allowed room for the country to grow in wealth. In addition, the US specifically has developed a culture surrounding working yourself to death, which increases output, and therefore wealth.",1,0,0,0,7,8,8,7,4,7,4,7,2,5,,1,,5,4,3,,3,,,,1,1,,2,"No, everything went well and was very clear. Thanks!"
10/7/2023 16:33,"The factors that have led the United States and France to have one of the highest standards of living in the world include industrialization and economic development, quality education, the welfare state, democracy and political stability, innovation and entrepreneurship, developed infrastructure, and access to natural resources and international trade.",1,1,0,0,"The disparity in wealth between countries can be explained by several factors. First, colonial history and heritage have allowed rich countries to access trade routes, natural resources and advanced technologies, while colonized countries may have faced obstacles to their economic development. Second, the presence of strong and stable political institutions is crucial for economic growth and foreign investment. Countries with weak or unstable political systems have difficulty attracting investment and promoting prosperity.",1,0,1,0,8,8,8,8,8,8,8,8,1,6,,2,,7,5,3,,3,,,,3,1,,2,
10/7/2023 16:36,"I would assume food (crops to grow), and open land (to build on).",0,1,0,0,"I believe the countries mentioned have goods, resources, and security that other countries need.",1,1,0,0,4,8,3,7,6,8,5,5,5,3,,2,,5,1,3,,1,,,2,,1,,2,
10/7/2023 16:36,"Very hard work, ability to think forward, successful entrepreneurs who cared enough to build their country ",1,0,0,0,Most likely very hard work and vey wise business decisions by successful people ,1,0,0,0,6,7,7,5,4,5,3,4,4,6,,1,,5,3,4,,2,,2,,,2,Latvia,2,Very interesting unique study
10/7/2023 16:36,"a higher I.Q.  
easy access to rivers/oceans
competition among tribes",1,1,0,0,"higher i.q.
productivity of labor and capital resources
democracy
education",1,0,0,0,3,8,4,2,2,2,2,2,5,6,,2,,7,4,4,,2,,2,,,1,,2,
10/7/2023 16:36,"History and geography is responsible for Western Nations having the highest standards of living. France/ England were colonial superpowers until the 1900s, controlling vast swaths of land and resources all over the world. While they have largely given back the land, their wealth from that period remains. The US benefits from being a giant land mass that is surrounded by allies and oceans, allowing us to wage war against enemies in WW1, WW2, etc, without having to actually defend/ rebuild our country, as England/France/Germany/ Japan/ Russia had to do after World War 2. ",1,1,1,0,"Colonialism is largely responsible for this wealth disparity. Haiti in particular has been being punished by the West, namely France, for their violent revolution that began in 1791 and lasted over a decade. Haitian slaves rose up and killed scores of British and French. A combination of punitive economic measures, and geographical issues (prone to earthquakes, hurricanes) have kept them in poverty and instability. Also local corruption keeps aid or infrastructure from being developed efficiently.",1,1,1,0,7,7,7,5,5,5,5,5,4,6,,2,,7,4,2,,3,,,,1,1,,1,n/a
10/7/2023 16:37,They have spent longer time to figure out what is best to live with as they have had longer time to test different thing.  The industrial revolution was key to the improvement of life for these countries.,1,0,0,0,Orgainzed goverentment is a key factor and a country that is together as a unit.,1,0,0,0,6,8,7,6,4,7,4,7,1,5,,2,,7,4,3,,3,,,,3,1,,2,
10/7/2023 16:37,"Early industrialization, technological edge",1,0,0,0,"More attractive to investors, less corruption, better infrastructure",1,0,0,0,5,6,6,5,6,5,4,4,3,2,,2,,8,4,3,,3,,,,3,1,,2,
10/7/2023 16:46,Income and employment and education opportunities developed the baseline for higher standards of living which in turn create higher quality services and goods produced by these countries.,1,0,0,0,Economic development and the ability to export and import goods keeps these economies increasing to offer these countries a higher quality of life overall. The fact that these countries are also a democracy makes most people happier and gives them a feeling that they matter and are appreciated by their government.,1,0,0,0,8,8,8,7,6,6,4,6,3,6,,1,,6,3,5,,2,,1,,,1,,2,
10/7/2023 16:56,I wouldn't even know where to begin with something like this. Perhaps it had something to do with various alliances during war? Industrialization? ,1,0,0,0,"Places like America  and Britain have well established Markets, and were at the forefront of the industrial revolution.",1,0,0,0,8,8,8,7,7,7,6,8,1,"3,6",,2,,3,2,1,,1,,,1,,1,,2,
10/7/2023 17:00,Trade deals with other nations and taking advantage of natural resources to help further enrich the nations.,1,1,0,0,"Natural resources that can be sold/traded to enrich nations, bigger land mass so more citizens which equals more taxes provided.",0,1,0,0,7,8,8,7,4,7,4,6,2,6,,2,,3,2,2,,3,,,,1,1,,2,Thank you for the opportunity to assist with your research! 
10/7/2023 17:10,They had access to resources that allowed them to become a wealthy country and have higher standards of living than others.,0,1,0,0,They have access to resources that other countries don't have access to. This allows them to accumulate more wealth and more resources and control the market.,1,1,0,0,8,8,8,8,4,8,8,8,1,6,,2,,7,2,1,,3,,,,1,1,,2,N/A
10/8/2023 10:44,,0,0,0,0,,0,0,0,1,,,,,,,,,,,,,,,,,,,,,,,,,,
10/8/2023 13:28,"I am not sure, but I would think democracy had a play in it ",1,0,0,0,international trade im sure plays a huge part in it ,1,0,0,0,3,4,4,3,6,5,3,3,3,6,,1,,7,3,4,,3,,,,2,1,,2,
10/8/2023 13:28,"The high standard of living in Western nations like the United States and France can be attributed to a combination of historical, economic, political, and social factors. While it's important to recognize that each country's development story is unique, there are several key factors that have contributed to their high standards of living:

Industrialization: Western nations were among the first to undergo the Industrial Revolution in the late 18th and 19th centuries. This period of rapid technological advancements, especially in manufacturing and transportation, led to increased productivity and economic growth. It laid the foundation for modern industrial economies.

Economic Systems: Western countries generally adopted capitalist economic systems that encouraged entrepreneurship, innovation, and private ownership of businesses. These systems fostered competition, which drove economic growth and prosperity.

Political Stability: Many Western nations have a long history of political stability, which is essential for economic development. Stable governments with well-defined legal systems and property rights encourage investment and economic growth.

Access to Resources: Western nations have often had access to abundant natural resources, including fertile land, minerals, and energy sources, which has been critical for economic development.

Education and Innovation: Investments in education, research, and innovation have been a priority in many Western nations. A well-educated and skilled workforce contributes to technological progress and economic growth.

Infrastructure: The development of modern infrastructure, including roads, railways, ports, and communication networks, has facilitated trade and economic development.

Global Trade: Western nations have been active participants in international trade, which has allowed them to access larger markets and benefit from comparative advantages in various industries.

Social Policies: Social policies such as public education, healthcare, and social safety nets have helped reduce poverty and inequality, improving the overall standard of living.

Rule of Law: A strong commitment to the rule of law, property rights, and contracts has provided a stable and predictable business environment, attracting investment and fostering economic growth.

Cultural and Geographic Factors: Cultural values that encourage individual initiative, entrepreneurship, and risk-taking have played a role in economic development. Geographic factors, such as favorable climate and location, can also be advantageous.

Post-WWII Reconstruction: After World War II, the United States and Western European countries benefited from the Marshall Plan, which provided financial assistance for post-war reconstruction. This aid helped rebuild economies and infrastructure.

Technological Advancements: Western nations have often been at the forefront of technological advancements, which have not only driven economic growth but also improved the overall quality of life.

It's important to note that while Western nations have high standards of living on average, there can still be significant disparities within these countries, and challenges like income inequality, healthcare access, and environmental sustainability remain important issues to address. Additionally, historical and geopolitical factors have played a role in shaping the development trajectories of individual Western nations.",1,1,0,0,"The wealth disparities between countries like the United States and Britain, and countries like Haiti and Indonesia can be attributed to a complex interplay of historical, economic, political, and social factors. These disparities are often described as the result of differences in economic development. Here are some key factors that explain these disparities:

Historical Factors:

Colonial Legacy: Many economically advanced countries were former colonial powers that extracted resources and wealth from their colonies. The legacy of colonialism can still be seen in terms of infrastructure, institutions, and economic structures.
Industrialization: Some countries, notably the United States and Britain, experienced early industrialization, which propelled them ahead in terms of economic development. Industrialization increased productivity and allowed these countries to become global economic powerhouses.
Economic Factors:

Economic Systems: Market-oriented, capitalist economic systems have generally proven more effective in generating wealth and economic growth compared to centrally planned or state-controlled systems.
Access to Resources: The availability and exploitation of natural resources, such as minerals, oil, and arable land, can significantly impact a country's wealth.
Trade: Engaging in international trade can boost economic growth by providing access to larger markets, facilitating specialization, and enhancing competitiveness.
Political Factors:

Political Stability: Countries with stable governments and institutions tend to attract more investment and foster economic growth. Political instability and conflict can hinder development.
Governance: Efficient, transparent, and corruption-free governance is crucial for fostering economic development and wealth creation.
Social Factors:

Education and Human Capital: Investments in education and the development of a skilled workforce are essential for economic development. A well-educated population can drive innovation and productivity.
Health and Healthcare: Access to healthcare, nutrition, and public health measures contribute to a productive workforce and overall well-being.
Social Safety Nets: Systems that provide a safety net for vulnerable populations can help reduce poverty and inequality.
Geographic Factors:

Geographic location, climate, and natural disasters can affect a country's economic prospects. For example, landlocked countries may face higher transportation costs, while those prone to natural disasters may have to invest more in disaster preparedness and recovery.
Globalization:

Integration into the global economy through trade and foreign investment can be a pathway to economic growth and development.
Technological Progress:

Access to and adoption of modern technology can significantly boost productivity and economic growth.
International Assistance:

Aid, foreign investment, and development assistance can play a role in helping less developed countries improve their economic prospects.
It's important to note that these factors interact and influence each other in complex ways. Additionally, there is no one-size-fits-all explanation for why some countries are wealthier than others, as each nation's development path is unique. Moreover, addressing wealth disparities often requires a combination of domestic policies and international cooperation to promote sustainable economic growth and reduce poverty and inequality.",1,1,1,0,7,8,7,6,6,6,6,6,2,6,,3,,8,3,1,,1,,,1,,1,,2,
10/8/2023 13:29,I'm assuming capitalism? I genuinely don't know.,1,0,0,0,Britain was an empire that took over and exploited many other countries. The US was at the forefront of capitalism and industrialism,1,0,1,0,6,7,6,3,6,4,3,4,3,6,,1,,7,3,2,,1,,,2,,1,,2,
10/8/2023 13:29,By them valuing hygiene. ,1,0,0,0,We allocate funds towards infrastructure and the people. ,1,0,0,0,7,7,7,3,7,3,3,3,4,2,,2,,3,4,3,,3,,,,3,1,,2,N/A
10/8/2023 13:29,I think it is because of the ravages of war and the expectation of its citizens.,1,0,0,0,It is because the government is less corrupt than these countries.,1,0,0,0,8,8,8,5,8,5,5,5,3,2,,1,,7,4,3,,1,,,2,,2,Philippines,2,
10/8/2023 13:29,"Industrial Revolution, labor movement, technological advancements.",1,0,0,0,Free society allowing for innovation resulting in higher paying jobs,1,0,0,0,8,8,8,6,4,7,3,6,3,6,,2,,8,5,2,,1,,,1,,1,,2,
10/8/2023 13:30,It is a good place to live. I honestly have no idea because I don’t pay much attention to history. ,0,0,0,0,Because of the job industries every country has reason as to why they are more wealthy,0,0,0,0,6,8,8,5,8,8,8,8,3,"3,6",,1,,2,2,3,,3,,,,3,1,,2,No great survey
10/8/2023 13:30,I think back in the day one factor was military power. I guess that can also apply to today's world. ,1,0,0,0,Generational wealth. They also had access to a lot of resources that can eventually create wealth from exporting goods. ,1,1,0,0,8,8,8,8,8,8,8,8,2,2,,2,,6,2,2,,3,,,,1,1,,2,
10/8/2023 13:30,"Similar culture, drive, resources, and better instincts. Not crime.",1,1,0,0,Intelligence. Not committing crime. No gangs.,1,0,0,0,6,7,5,3,4,5,3,3,5,6,,2,,7,5,4,,3,,,,2,1,,2,Thanks
10/8/2023 13:30,"The enlightenment, and the Industrial Revolution",1,0,0,0,"Colonialism, and the resultant access to raw materials",0,0,1,0,7,7,6,6,7,6,5,6,1,3,,2,,7,2,2,,1,,,1,,1,,2,no comment
10/8/2023 13:31,They wanted to lead the standard.,1,0,0,0,They have more money because of their GDP.,1,0,0,0,6,7,6,6,6,6,5,6,2,2,,2,,7,4,4,,2,,2,,,1,,2,
10/8/2023 13:31,"Innovation, freedom and financial investments ",1,0,0,0,"Free trade, credit, taxes, and huge populations",1,1,0,0,3,3,4,3,3,3,3,3,5,6,,2,,7,2,3,,3,,,,3,1,,2,
10/8/2023 13:32,"Education is a big factor in how successful and prosperous a nation can become. In the western world, we place a big emphasis on education and money and success. That drives people to be inventive and innovative and that's why these countries do so well compared to others.",1,0,0,0,"The US and Britain place more emphasis on education than these other countries. In developing nations, innovation is rewarded. We have the talent and resource to make a lot of money.",1,0,0,0,7,8,7,6,7,6,5,6,1,6,,1,,8,4,1,,1,,,1,,1,,2,
10/8/2023 13:32,"Industrialization and Technological Advancements: These nations went through significant industrialization and technological advancements, which led to increased productivity and economic growth. Innovations in manufacturing, transportation, and communication improved efficiency and created jobs.",1,0,0,0,"Countries like the United States and Britain are wealthier than countries like Haiti and Indonesia for several reasons. Historical factors, like colonialism and early industrialization, gave them a head start. They have strong economies with market-oriented systems, while some poorer countries struggle with corruption and weak governance. Investments in education and healthcare make their people more productive. Favorable geography, like access to waterways, helps with trade and agriculture. Cultural values, like a strong work ethic, also contribute. These factors interact, and addressing the wealth gap often requires domestic reforms and international cooperation to help poorer nations develop and reduce poverty.",1,1,1,0,7,6,6,6,5,7,7,5,4,3,,2,,9,4,4,,2,,2,,,1,,1,
10/8/2023 13:32,"Good economics. With more money flowing in, we could make living more comfortable.",1,0,0,0,"We provide better jobs and housing, and food.",1,0,0,0,8,8,8,8,6,8,3,7,1,6,,1,,5,1,1,,3,,,,1,1,,2,
10/8/2023 13:33,"Industrialization, the value of our currencies and our power in the world. ",1,0,0,0,"Some countries, such as the US have more companies and industries which are very profitable. We are also more technologically advanced in the US and than other countries. We have very profitable industries based in the US and we have many wealthy owners of companies here.",1,0,0,0,7,8,7,3,6,3,2,3,3,6,,1,,7,2,4,,2,,2,,,1,,2,
10/8/2023 13:33,Free market economies and rapid restoration of manufacturing following WWII,1,0,0,0,Less political corruption and a free market plus more stable governments.,1,0,0,0,4,5,3,3,2,3,2,3,1,6,,2,,8,5,4,,3,,,,2,1,,2,
10/8/2023 13:34,"Low taxes, strong national defense, Capitalism, and strong leaders.",1,0,0,0,"Some countries are much wealthier than other countries because they have strong leadership, large military, law abiding citizens, and less corruption than poorer countries.",1,0,0,0,2,6,2,2,2,2,2,2,5,6,,2,,5,2,4,,2,,2,,,1,,2,Thank you
10/8/2023 13:34,The lifestyle and cultures,1,0,0,0,The US and Britain have more races that come from privileged families,0,0,0,1,8,8,8,7,8,8,6,6,3,3,,1,,5,2,3,,3,,,,1,1,,2,
10/8/2023 13:34,"The industrial revolution. Discoveries made by some very famous inventors and scientists made mass production possible. As a result, the economy became diversified. Jobs were abundant. Public policy also made it possible for poorer people to have new opportunities. And, at one time, wages kept up with the cost of living. ",1,0,0,0,"If I ventured to guess, I would say trade and colonialization. But particularly the latter. I might also venture to guess that slavery, in many cases, was a major factor.",1,0,1,0,7,8,7,7,4,6,5,6,2,6,,1,,8,3,2,,1,,,1,,1,,2,
10/8/2023 13:34,It was freedom to worship and live as one sees fit.,1,0,0,0,"Population, resources and trade have led some countries to be wealthier than other countries.",1,1,0,0,3,4,3,4,3,3,4,5,3,6,,1,,3,2,5,,2,,2,,,1,,2,
10/8/2023 13:35,I don't feel that they have developed the highest standards of living in the world.,0,0,0,1,They are corrupt and take advantage of those nations listed.,0,0,1,0,5,7,7,6,7,7,6,7,3,6,,2,,7,6,1,,1,,,1,,1,,2,
10/8/2023 13:35,"I believe geography and location have a lot to do with the standard of living in the west. These areas have a large variety of natural resources, which invites rapid population growth. Considering the population of many western countries, engaging in a higher standard of living is a natural result.",0,1,0,0,"I think the prevalence of capitalism is the reason for this. The US is aggressively capitalistic, and takes on an ""every man for himself"" attitude in regards to survival. Many ""poorer"" countries have a more communal society, where everyone looks out for each other; if one person is struggling or behaving poorly, their community considers it part of their responsibility to help or get involved. This approach is virtually the polar opposite of capitalism, thus making these countries ""poorer"" in economics.",1,0,0,0,6,6,8,7,8,6,8,6,2,6,,1,,7,4,1,,1,,,1,,1,,2,
10/8/2023 13:35,"otal profitability of the nation or region as a whole
Employment opportunities and income available to residents
Ease of access to affordable goods and services
Medical care and education
Life expectancy
Class disparity
Poverty rate
Quality and affordability of housing
Hours of work required to purchase necessities
Gross domestic product (GDP)",1,0,0,0,"There are many factors that explain why some countries are wealthier than others. Here are some of the key factors:

    Technological progress: Countries that are able to innovate and develop new technologies tend to have higher levels of economic growth and wealth.
    Globalization: Countries that are more integrated into the global economy tend to have higher levels of economic growth and wealth.
    Commodity prices: Countries that are rich in natural resources, such as oil or minerals, can benefit from high commodity prices and generate wealth.
    Economic stability: Countries that have stable political and economic systems tend to attract more investment and generate more wealth.
    Domestic policies: Policies related to financial integration, redistributive fiscal policies, and liberalization and deregulation of labor and product markets can play an important role in explaining inequality trends within countries.
",1,1,0,0,7,8,7,7,8,7,5,6,3,6,,2,,7,5,5,,1,,,1,,1,,1,Thank you
10/8/2023 13:36,"I think it's the concept of greed that made the western nations want more for services and products, especially when they are aware of the need of those things in the first place.",0,0,0,1,The fact that a lot of things that originally may not have been worth much were exported or stolen from many other countries and then became more valuable to the other countries due to inflation. Now that a lot of those resources have been removed from the poorer countries it's hard for them to increase in wealth without much assets.,0,0,1,0,7,8,8,6,7,6,8,6,2,3,,1,,3,2,2,,1,,,2,,1,,2,
10/8/2023 13:36,"Free trade and trading routes, democratic governments, strong military to protect and expand commercial interests, educational institutions ",1,0,0,0,"social and legal structures that allow the retention and development of capital, military strength to expand and protect trade routes, educational institutes that promote development of science and technology.",1,0,0,0,6,7,7,4,6,3,6,4,3,6,,2,,7,4,4,,3,,,,2,1,,2,
10/8/2023 13:37,I am gonna guess the economy had a big impact on this.,1,0,0,0,I am guessing its the difference in cultures and capitilism.,1,0,0,0,7,8,8,5,6,5,5,5,3,6,,2,,3,2,2,,1,,,1,,1,,2,
10/8/2023 13:37,"Factors that led to this are colonialization. The US and France were colonized by people who had higher living standards than the indigenous peoples here, and over time the standard of living became synonymous to social class and everyone competing to be at the top. ",0,0,1,0,Power and international favoritism of the wealthiest countries by NGO's like the world bank. I think smaller less wealthy nations like Haiti and Indonesia do not have as much representation in the global sphere. ,1,0,0,0,6,7,7,5,8,6,4,4,3,6,,1,,7,3,2,,1,,,2,,1,,2,
10/8/2023 13:38,"The reason for this transformation was the accumulation of capital, which was due in turn to technological improvement and to the fact that these societies had large doses of economic freedom. The twentieth century saw this transformation spread to a large part of the world.",1,0,0,0,"The natural resources, human resources, and capital resources that are available to make goods and services. Capital resources: Goods that have been produced and are used to produce other goods and services.",1,1,0,0,5,6,5,6,6,5,6,5,3,3,,2,,8,4,2,,1,,,1,,1,,2,
10/8/2023 13:38,"The people, cost of living, COVID, job loss, climate change",1,0,0,1,"More jobs, less sickness, better healthcare, ",1,0,0,0,8,8,7,5,8,7,5,6,5,6,,1,,6,3,3,,3,,,,1,1,,2,
10/8/2023 13:38,"Industrial Revolution, the middle class, and the ability to borrow large sums of money.",1,0,0,0,"Lack of resources, type of government, fallout from imperialism ",1,1,1,0,3,7,5,5,3,5,5,5,3,6,,2,,7,4,2,,2,,2,,,1,,2,None
10/8/2023 13:39,"Western nations developed one of the highest standards of living in the world because of the fast technological advancements of their countries. The phrase ""keeping up with the Jones'"" comes to mind as people in these nations want to set examples of how to live extravagantly.",1,0,0,0,Some countries are much wealthier than others because they have had more inventions and know how to profit off of other countries. They charge large amounts for goods that people cannot live without. ,1,0,0,0,7,8,7,6,5,7,4,5,3,6,,1,,5,2,3,,3,,,,3,1,,2,thank you
10/8/2023 13:39,When they incorporated coal back in the day. The use of cotton and oil.,1,0,0,0,"Because Us and Britain obtained more resources as in farming crops, gas, food.
electricity, water and oil.",1,1,0,0,6,7,7,6,3,3,6,6,1,3,,1,,5,2,2,,1,,,1,,1,,2,none
10/8/2023 13:41,"If we're talking strictly the past 1 or 2 centuries I would say it was a combination of industrialization and sanitation. Sanitation is one of the most under-recognized things in our modern world because we take it for granted, but the advent of indoor plumbing, nearly universal clean water, and waste removal are of extreme importance for quality of life. And obviously education has helped as more people are able to contribute to the technology and medical industries that heavily impact our standard of living.",1,0,0,0,"That depends heavily on individual history, but I suppose generalized examples include imperialism and trade, as both provide access to foreign resources.",1,0,1,0,4,7,6,5,4,4,4,4,3,6,,2,,2,2,4,,3,,,,2,1,,2,
10/8/2023 13:42,Evolution of society as a whole to become more civil and respect for your fellow man led to these nations becoming 1st world country ,1,0,0,0,Industry and economics built some countries with the help of governments and fare leadership. Other nations can't or never will be strong because of a government that is clueless to the needs of their people.,1,0,0,0,8,8,8,8,8,8,8,8,2,6,,2,,5,1,3,,3,,,,1,1,,2,
10/8/2023 13:42,"Primarily the development of capitalism, colonialism, and more advanced science before other nations.",1,0,0,0,International corporate elites of the west are not as restricted globally as entrepreneurs in more impoverished countries.,1,0,0,0,7,8,8,4,4,6,7,4,3,6,,2,,3,2,4,,3,,,,2,1,,2,
10/8/2023 13:43,"Natural resources like gold and oil, and fertile soil.",0,1,0,0,"Natural resources like gold and oil, fertile soil, and topographical elements that shield civilians.",0,1,0,0,7,8,8,6,5,6,5,6,3,6,,2,,5,2,3,,3,,,,1,1,,2,I may have been somewhat generic with my responses.
10/8/2023 13:43,"Democracy, I would guess.  When people have a voice, truly can speak what they feel, they can demand better.  If their government officials don't pay attention and change things, they might be out of a job by not being re-elected.",1,0,0,0,"Having things (crops, technology) that other countries want.  Also, healthier people, due to better living conditions, can do the work to produce or harvest what other countries need. ",1,0,0,0,8,8,8,7,6,7,5,6,2,6,,1,,5,2,1,,1,,,1,,1,,2,
10/8/2023 13:44,Industrial revolution and modern medicine especially,1,0,0,0,"The education level of their population, resources they can export.",1,1,0,0,3,6,6,3,3,3,4,4,4,6,,2,,5,3,4,,2,,1,,,1,,2,
10/8/2023 13:44,"Europe has the highest standard of living due to the fact that they pay a livable wage in m9st countries, have more socal programs, universal heathcare, a good education system. I don't know how the US made the list we have none of this",1,0,0,0,"Quite simple, GB, Canada and the US have all built their weath on stolen land and with stolen people. Colonizing at it finest. I am NATIVE, my views are different from others ",0,0,1,0,7,7,7,2,5,2,5,2,5,1,,1,,5,1,2,,3,,,,3,1,,2,"Sorry, not in favor of sending money to devloping countries when my cousins on the Rez d9nt even have running water. Hope you have a good day. "
10/8/2023 13:45,"Development of good infrastructure for business. In the US, establishment of the interstate highway system allowed rapid growth in commerce. Also, the rapid advancement if science and technology in western nations allowed the nations to zoom past more primitive countries.",1,0,0,0,"The wealthy countries have the advantage of better infrastructure than poor countries. Utilities and transportation are in bad shape in poorer countries, partly as a result of their poorness , but more importantly as a cause. trying to truck goods across  Java, for example, is a risky and long adventure. Corruption is rampant and the journey is perilous because of poor roads and theft.   Wealthier countries are usually more secular than the poor countries and that helps them by reducing inefficiencies tied to being forced to support the religion in charge. Trying to get ahead is tough when you are spending so much money on mosques and churches.    Birth control also helps the richer nations keep the population contained so that those who ae already here can live better,",1,0,0,0,7,7,8,6,6,6,3,4,3,6,,2,,7,4,2,,1,,,2,,1,,2,
10/8/2023 13:46,"I am not sure, but I guess it might have been industrialization. The U.S. was fortunate because it didn't really have any rebuilding to do due to WW2. The U.S. is also a very large country in terms of territory so that helps it out too.",1,1,0,0,"Britain colonized quite a few countries that were rich in resources.  Spain, France, and other European countries also did this. Countries like Haiti, India, and countries in Africa were colonized and remained poor even after becoming independent of the countries that colonized them.",0,0,1,0,7,7,7,7,8,7,7,7,1,3,,1,,7,2,2,,3,,,,1,1,,2,"I don't see much hope for the USA improving in terms of action to combat climate change or even polluting less. For example, approximately two years ago I lived in Mexico and plastic bags were banned. It was an adjustment but life goes on. We can't even stop using plastic bags here. Where I live there are no recycling bins. So many places are car-dependent. I'm in the process of getting my driver's license not because I want to but I have to.  "
10/8/2023 13:48,"People were educated and wanted opportunities to create a life and value for themselves. They needed to contribute to society, but also be treated fairly.",1,0,0,0,"It all has to do with economic output. Look at GDP numbers, Haiti is a poor country. They have very little resources or economic activity. ",1,1,0,0,6,7,6,6,7,7,4,5,3,6,,2,,7,5,3,,1,,,2,,1,,2,
10/8/2023 13:50,"I would imagine that there would be a combination of various historic, social, economic, geographic, and political factors at play here.  The specific examples in these categories that come to the top of my mind would be: economic systems that encourage growth and prosperity, and establish systems that protect property rights which leads to more predictability and localized stability at various times.  Additionally, geographic factors and access to resources as well as education and various cultural factors are also worth mentioning here.  ",1,1,0,0,"I think one of the biggest factors in the modern world depends on access to capital and investment on the global scale - which are systems that have been put into place and are run by these wealthy nations - when you invent the game, and make the rules, and change the rules as you play to make sure you win, then it starts to come to focus how quickly wealth arises in such nations.  ",0,0,0,0,8,8,8,7,7,7,7,7,1,6,,2,,8,3,3,,3,,,,1,1,,2,
10/8/2023 13:51,life expectancy at birth .Decent standard of living,0,0,0,0,free trade more investment high education good health,1,0,0,0,7,8,8,2,6,3,4,4,3,6,,1,,3,3,4,,2,,2,,,1,,2,
10/8/2023 13:52,"I think democracy has a lot to do with it.  Also, free markets and capitalism.",1,0,0,0,Dictatorships and corruption. ,1,0,0,0,5,7,7,5,5,5,3,5,4,6,,1,,5,4,2,,1,,,2,,1,,2,
10/8/2023 13:53,"A history of imperialism, colonialism, and slavery not only gave the west an enormous head start, but dug a huge hole for the nations they exploited. Even today the west plays political puppet master to developing countries. ",0,0,1,0,"At the risk of repeating myself, a history of exploitation by certain countries.",0,0,1,0,8,8,8,8,7,8,6,8,1,6,,2,,7,4,1,,5,democratic socialist,,,1,1,,2,Nothing comes to mind
10/8/2023 13:53,i  honestly am not sure at all. i wanna say it is because while people mostly rule these countries and white people have been in a position of superiority for all of history so that led to these countries having high standards of living,1,0,0,0,these countries are a lot more developed and have a lot of history of fighting to be independent but i am not sure why they would be wealthier than other countries. the only idea that comes to mind is that white people rule countries like the us and britain so these countries get “prioritized”,1,0,0,0,7,8,8,6,6,6,6,7,1,2,,1,,4,4,2,,1,,,2,,1,,2,"I would like to read more about the results and hypothesis of this survey, it was one of the more interesting ones i’ve taken. thank you for allowing n me to participate "
10/8/2023 13:57,"The high standards of living in Western nations like the United States and France can be attributed to a complex interplay of historical, economic, political, and social factors. While it's challenging to provide an exhaustive list, here are some key factors that have contributed to their high standards of living:
Industrialization and Technological Advancements: Western nations led the way in the Industrial Revolution, which transformed their economies from agrarian to industrial. Technological advancements, such as the steam engine, mechanized agriculture, and later innovations like electricity and the assembly line, increased productivity and drove economic growth.

Strong Economic Systems: Western nations have typically embraced market-oriented economic systems that encourage competition, innovation, and entrepreneurship. Capitalism, combined with prudent government regulation, has played a crucial role in promoting economic growth and prosperity.

Access to Resources: Western countries have often had abundant access to natural resources, including fertile land, minerals, and energy sources, which have supported economic development.

Political Stability: Many Western nations have enjoyed long periods of political stability and peaceful transitions of power. Political stability is conducive to economic growth by fostering investor confidence and reducing the risk of conflicts that can disrupt economic activities.

Education and Innovation: Western countries have invested heavily in education and research, leading to a skilled workforce and technological innovations. World-renowned universities and research institutions have been instrumental in advancing various fields.

Infrastructure Development: Investment in infrastructure, such as transportation networks, energy systems, and communication networks, has facilitated economic growth and improved the quality of life.

Access to Capital: Western nations have well-developed financial systems that provide access to capital for businesses and individuals, promoting investment and economic expansion.

Rule of Law and Property Rights: Strong legal systems and protection of property rights have created a conducive environment for business development and investment. Investors and entrepreneurs are more likely to invest when they have confidence that their investments will be protected.

Global Trade and Economic Integration: Western nations have been active participants in global trade and international organizations, which have facilitated economic cooperation and market access.

Cultural and Social Factors: Factors such as a strong work ethic, a culture of innovation and entrepreneurship, and a commitment to individual freedom have also contributed to the high standards of living in Western nations.",1,1,0,0,"The vast differences in wealth and economic development between countries like the United States and the United Kingdom, and countries like Haiti and Indonesia, can be attributed to a complex combination of historical, geographical, economic, social, and political factors. Here are some key factors that help explain these disparities:

Historical Factors:
Colonial Legacy: The history of colonization has had a significant impact on many countries' development. Former colonial powers often extracted resources and established economic structures that benefited themselves at the expense of the colonized nations.
Wars and Conflicts: Frequent wars and conflicts can disrupt economic development and infrastructure, as well as divert resources away from productive uses.
Institutional Legacy: The legacy of institutions, including legal systems, governance structures, and property rights, established during colonial and historical periods can have lasting effects on a country's economic development.

Geography:
Natural Resources: The presence of valuable natural resources, such as oil, minerals, and arable land, can significantly influence a country's economic prosperity.
Geographic Isolation: Landlocked countries or those with challenging geographical terrain may face higher transportation costs and limited access to global markets, which can hinder economic development.

Economic Factors:
Economic Systems: The type of economic system a country adopts (e.g., capitalism, socialism, mixed economy) can influence its level of economic development.
Trade and Globalization: Participation in international trade and globalization can stimulate economic growth by increasing market access and promoting specialization.

Political Factors:
Political Stability: Countries with stable governments and effective institutions are more likely to attract investment, foster economic growth, and maintain law and order.
Corruption: High levels of corruption can deter foreign investment and undermine economic development.
Economic Policies: Sound economic policies that promote fiscal responsibility, monetary stability, and a business-friendly environment can foster economic growth.

Social Factors:
Education and Human Capital: Investment in education and the development of a skilled workforce can drive economic productivity and innovation.
Healthcare: Access to quality healthcare can improve labor productivity and overall well-being.
Social Inequality: High levels of income inequality can hinder economic growth and social stability.

Cultural and Social Norms:
Cultural factors, including attitudes toward work, entrepreneurship, and risk-taking, can influence economic development.
Social norms and values related to gender equality, social mobility, and entrepreneurship can also impact economic outcomes.

International Assistance and Aid:
The presence of international aid and development assistance programs can either support or hinder economic development, depending on their effectiveness and alignment with the recipient country's needs.",1,1,1,0,7,8,8,6,6,6,6,6,3,6,,2,,7,5,5,,1,,,1,,1,,2,I really enjoyed the survey.
10/8/2023 14:54,"By passing laws encouraging the creation and growth of business and entrepreneurship, engaging with and exploiting the political climates and economies of third-world countries for cheap labor and production, and most importantly, excessive warmongering and the perpetuation of the military-industrial complex by engaging in weapons deals and outsourced paramilitary operations to fight proxy wars for natural resources and oil.",1,0,1,0,"A long and brutal history of profiteering off of war and colonialism, exploiting lands and people with less wealth than their own to produce luxury goods for cheap and to exploit natural resources. The technological advances of the aggressor nations far outpaced those of the less technologically developed and allowed for easy exploitation. Geopolitical factors also take part, such as the nations climates and locations enabling strategic advantages such as better access to trade routes or better defensibility in times of war.",1,1,1,0,7,8,8,6,3,6,6,6,2,6,,3,,2,1,2,,5,Socialist Libertarian,,,3,1,,2,"I don't think it's primarily up to the U.S. to cut their own carbon emissions when the majority of carbon emissions and pollution come from third-world countries who do not have the privilege of using clean energy or more expensive/inconvenient alternatives to plastics and fossil fuels. Additionally, countries such as China which have very little environmental regulation are a much more important enemy in the battle against climate change."
10/9/2023 9:37,k,0,0,0,1,,0,0,0,1,,,,,,,,,,,,,,,,,,,,,,,,,,
10/9/2023 11:35,,0,0,0,1,,0,0,0,1,,,,,,,,,,,,,,,,,,,,,,,,,,
10/9/2023 16:28,Being a leader with the industrial revolution.,1,0,0,0,I think it is because technology was advanced faster along with greater natural resources.,1,1,0,0,7,8,7,6,4,6,6,6,1,6,,2,,5,2,1,,1,,,1,,1,,2,
10/9/2023 16:29,"The Western nations had a higher standard of living because they were more able to explore and colonize, so they had exposure to many resources and a lot of power.",1,0,1,0,"It has to do with resources allowing early explanation and colonization which brought more resources. It also has to do with distance from the equator, it seems.",0,1,1,0,8,8,8,7,8,8,7,7,2,6,,1,,7,1,1,,1,,,1,,1,,2,No
10/9/2023 16:30,"I don't think Western nations have done this, but if they have it's by exploiting other nations and colonialism which benefits some at the expense of many. ",0,0,1,0,"Because they colonized them, stole their resources, enslaved them and continue to exploit them and marginalize them through policy.",0,0,1,0,7,7,7,7,8,8,8,8,1,3,,2,,8,1,1,,5,none,,,3,1,,2,
10/9/2023 16:30,"I'm not sure but if I have to guess they just wanted to be the ""best"" nations in the world and not repeat mistakes of other countries.",1,0,0,0,These countries had stronger or bigger militaries or used tactics to conquer or swindle other countries out of their money.,1,0,1,0,4,6,6,3,4,5,5,5,3,"1,3",,1,,7,4,2,,1,,,2,,1,,2,
10/9/2023 16:30,the way that they were able to develpop manufactoring tech faster than others,1,0,0,0,the fact that the land is good and was able to deveop more than the poor lands,1,1,0,0,8,8,7,8,8,8,7,7,1,3,,2,,3,3,2,,3,,,,3,1,,2,
10/9/2023 16:30,"industrial revolution, capitalism, religious freedom",1,0,0,0,"they have a longer history, they have access to resources and can trade with other countries ",1,1,0,0,3,8,6,4,4,4,4,4,3,6,,2,,8,4,3,,1,,,2,,1,,2,
10/9/2023 16:31,"Imperialist countries have ""higher standards"" because they've exploited and colonized people around the world in order to hoard wealth and power. I would argue that western nations have an inflated sense of importance which leads them to think that they have the highest standards of living in the world but we understand that to be inherently false if you are a person of color trying to exist in these countries. ",0,0,1,0,"Slavery
Oppression
Imperialism 
Wealth hoarding
White supremacy",0,0,1,0,8,8,8,8,8,8,8,8,1,"1,3,5",,"3,4",,8,4,6,leftist,3,,,,3,1,,2,
10/9/2023 16:31,Agriculture and a good climate.,1,1,0,0,A difference in soil and number of people. Also weather impact and geological occurrences.,0,1,0,0,7,8,8,4,3,6,2,4,4,6,,1,,5,1,2,,1,,,2,,1,,2,none
10/9/2023 16:31,"Capitalism, private property rights, fair legal system, rule of law, ",1,0,0,0,"Capitalism, private property rights, rule of law, less corruption, good soil conditions, ",1,1,0,0,7,8,7,5,7,5,6,5,2,6,,2,,7,4,2,,1,,,1,,1,,2,Thanks for paying fair!
10/9/2023 16:31,Colonization ,0,0,1,0,Colonization played a major role. Most of them colonized African countries,0,0,1,0,7,6,7,7,6,7,7,7,4,3,,2,,7,5,1,,1,,,1,,1,,2,
10/9/2023 16:32,"Lots of shitty actions by people in power, namely enslaving people. Slaves work for free, you know.",0,0,1,0,"Lots of shitty actions by people in power, namely enslaving people. Slaves work for free, you know. Countries like Haiti had their progress completely stalled by countries like the US and Brittain because of slavery. The whole sugar trade rocked Haiti's world...",0,0,1,0,8,8,8,4,4,6,5,5,2,"3,5",,1,,8,3,1,,1,,,1,,1,,2,
10/9/2023 16:32,"Colonialism, slavery, and capitalism",1,0,1,0,Colonialism and slavery,0,0,1,0,8,8,8,8,8,8,8,8,1,6,,1,,7,5,1,,1,,,1,,1,,2,
10/9/2023 16:33,I think the French people were willing to revolt if their personal freedoms were infringed upon. They don't tolerate businesses or other entities messing with their freedom and leisure.,1,0,0,0,"Britain has a history of colonizing other smaller countries. This in turn harms the countries that are colonized. Smaller countries like Haiti and Indonesia did not really have a chance to become a world power because other larger countries would fight over them or claim them, and take their resources for their own.",0,0,1,0,8,8,8,7,4,7,5,6,2,6,,1,,8,4,1,,1,,,1,,1,,2,
10/9/2023 16:34,"Abundant resourses, a well educated work force, a large workforce.",1,1,0,0,"Abundant resources, a well educated workforce. lack of environmental hardship",1,1,0,0,7,6,8,8,6,7,5,7,2,6,,1,,3,2,2,,1,,,2,,1,,2,
10/9/2023 16:34,Taxes and high paying jobs for employees have helped keep them with high standards of living.,1,0,0,0,Their citizens have a higher quality of life.,0,0,0,0,8,8,8,7,7,7,7,7,3,6,,1,,6,2,3,,3,,,,3,1,,2,
10/9/2023 16:35,The resources available to them on the land and the ability to trade easily with other countries allowed them to get a head start on other countries who did not have these things. ,1,1,0,0,"Available resources, governmental systems, economic/personal freedoms, and education are reasons why they are wealthier.",1,1,0,0,5,7,5,5,5,5,3,5,3,6,,2,,7,4,4,,2,,2,,,1,,2,
10/9/2023 16:35,Wealth gained through imperialism and slavery. It allowed for enormous amounts of capital to be generated.,0,0,1,0,The United States and Britain have invaded and stolen from other countries for centuries. It's allowed them to grow significantly and overpower smaller nations.,0,0,1,0,8,8,8,8,8,8,8,8,1,6,,2,,6,4,1,,5,Democratic Socialist,,,1,1,,2,
10/9/2023 16:36,Rebuilding after World War 2 allowed for the restructuring of governments allowing for changes in standards of living.,0,0,0,0,It all has to do with the industrial revolution.  Countries with historically a lot of power were able to exploit the resources of others building up their industries while the other countries remained poor.,1,0,1,0,8,8,8,8,6,8,8,8,1,6,,2,,7,3,1,,1,,,1,,1,,2,
10/9/2023 16:37,"Lots of factors played into theses nations having a higher standard of living. If we look at history we can see that Muslims in the middle east first discovered calculus, however, the crusades destroyed many things that would have put the middle east ahead. That along with having fertile land that was excellent for growing crops. Technology also helped in industrialization.",1,1,0,0,Technology and imperialism.,1,0,1,0,8,8,8,8,6,8,8,8,1,6,,2,,8,5,2,,1,,,1,,1,,2,
10/9/2023 16:37,"The industrial revolution, agriculture, colonization, wealth, penicillin.",1,0,1,0,"colonization, slave trade, strong institutions/governance, imperialism.",1,0,1,0,7,7,7,7,7,7,5,7,3,6,,3,,7,2,1,,1,,,1,,1,,2,
10/9/2023 16:38,Technological advancements allowed for western nations to propel themselves pretty rapidly. Fast manufacturing and the ability to trade made them very rich and that increased the standard of living.,1,0,0,0,A lot of the reason why a country like Haiti is poor is because of how much they've been infringed upon by the more advanced countries. Haiti wasn't always poor. A large reason why the US and Britain were able to get so wealthy is because of how they've exploited places similar to Haiti and Indonesia.,0,0,1,0,8,8,8,6,6,8,5,6,2,3,,2,,5,2,2,,1,,,2,,1,,2,no issues. nothing to add.
10/9/2023 16:38,"Factors contributing to high standards of living in Western nations include industrialization, technological innovation, strong education systems, political stability, market-oriented economies, active global trade, effective social policies, infrastructure development, and favorable geography.",1,1,0,0,"Wealth disparities between countries stem from historical factors, industrialization, technological advancements, education, political stability, market-oriented economies, global trade engagement, natural resources, infrastructure development, social policies, and cultural influences. The interplay of these factors contributes to variations in economic prosperity between nations.",1,1,0,0,4,8,6,7,4,3,6,7,4,6,,2,,7,5,4,,2,,1,,,1,,2,
10/9/2023 16:38,"High standards of living in Western nations result from a combination of historical industrialization, advanced technology adoption, stable political systems, market-oriented economies, global trade engagement, effective social policies, robust infrastructure, favorable geography, and cultural values emphasizing innovation and individual rights.",1,1,0,0,"Wealth disparities between countries like the U.S. and Britain, compared to nations like Haiti and Indonesia, stem from historical factors, industrialization, technological advancements, educational systems, political stability, market-oriented economies, global trade participation, natural resources, infrastructure development, social policies, and cultural influences. These interconnected factors contribute to variations in economic prosperity.",1,1,0,0,5,7,8,5,3,6,7,6,2,6,,2,,7,5,5,,2,,1,,,1,,2,
10/9/2023 16:39,"Western nations like the United States and France have achieved high standards of living through a combination of factors. Industrialization and economic growth, driven by innovation and access to capital, have created jobs and prosperity. Investments in education and research, along with political stability and the rule of law, have fostered skilled workforces and a conducive business environment. Robust social safety nets, comprehensive infrastructure, and engagement in global trade have reduced poverty and improved quality of life. Access to natural resources and strong institutions have also contributed to their economic success. Cultural values like individualism, entrepreneurship, and a strong work ethic, along with historical legacies such as the Enlightenment and democratic institutions, have played pivotal roles in shaping their societies.",1,1,0,0,"
Wealth disparities between countries like the United States and Britain, in contrast to nations like Haiti and Indonesia, can be attributed to several key factors. Historical legacies, such as colonialism and exploitation, have left enduring impacts on economic development. Access to valuable natural resources, including oil and minerals, greatly influences income levels by providing revenue through exports. The degree of industrialization and technological advancement plays a critical role in productivity and innovation. Political stability and strong legal institutions attract investment and foster economic growth. The presence of an educated and skilled workforce enhances a country's ability to participate in the global economy and drive innovation. Finally, active engagement in international trade and globalization provides opportunities for resource acquisition, technological advancement, and access to broader markets, further contributing to economic prosperity. These factors interact in complex ways to create the significant wealth gaps observed between these countries.",1,1,1,0,7,5,7,6,5,7,5,5,4,3,,2,,3,1,5,,1,,,1,,1,,2,
10/9/2023 16:42,"Western nations historically had access to abundant natural resources and established trade networks that enabled them to benefit from global commerce. Trade provides access to diverse goods and resources, enhancing the overall quality of life.",1,1,0,0,"Engaging in international trade and being integrated into the global economy allows countries to access larger markets, specialize in their comparative advantages, and benefit from the exchange of goods, services, and investments.",1,0,0,0,7,8,8,6,4,6,5,6,3,5,,2,,7,4,3,,3,,,,3,1,,2,Thank you
10/9/2023 16:42,The abundance of technology and willingness to allow a democracy. That allowed for more freedom to innovate and to have higher standards.,1,0,0,0,"Based on how advanced they are. Things like technology and innovation. Some countries have luck, as well, like having oil to sell.",1,1,0,0,8,8,8,8,8,8,8,8,1,5,,2,,3,2,2,,1,,,1,,1,,2,No comments.
10/9/2023 16:45,They wanted peace with the world and wanted to show how someone should display that ,1,0,0,1,"They have been a country for longer, own more land and been through more wars for resources ",0,0,0,0,8,8,8,8,8,8,8,8,4,6,,2,,7,3,2,,1,,,2,,1,,2,
10/9/2023 16:47,"Technological and scientific innovation. Think of the life changing inventions and advancements. Where were they discovered/invented? This also led to military dominance, which led to control of resources and wealth.",1,0,0,0,"Same reasons as before. If you become technologically superior, and have military dominance, you control resources and wealth.",1,0,0,0,2,6,2,2,3,2,2,2,5,6,,2,,3,2,3,,3,,,,3,1,,2,
10/9/2023 16:47,"good trade deals, lack of conflicts, peace treaties, working with other countries.",1,0,0,0,"better income of resources, less war, powerful militaries, being smart about interactions and confilcts.",1,0,0,0,7,8,7,3,6,8,7,5,3,6,,1,,3,2,2,,1,,,2,,1,,2,
10/9/2023 16:51,Free markets and democracy are what I think led to this. ,1,0,0,0,"Education, resources, technology, and job markets are key factors, I think. ",1,1,0,0,8,7,8,6,5,7,7,7,2,3,,2,,7,2,2,,1,,,1,,1,,2,
10/10/2023 10:10,Great housing weather ,0,1,0,0,More taxes and more people ,1,1,0,0,8,8,8,8,8,8,8,8,5,6,,1,,5,1,4,,2,,1,,,1,,2,
10/10/2023 10:24,"Historical factors including colonization and industrialization. 
",1,0,1,0,,0,0,0,1,,,,,,,,,,,,,,,,,,,,,,,,,,
10/10/2023 11:05,the industrial revolution created a robust economy for both ,1,0,0,0,education opportunities and investment opportunities for infrastructure,1,0,0,0,6,7,5,4,4,6,4,4,3,6,,2,,8,5,4,,2,,2,,,1,,2,
10/10/2023 11:07,"Total profitability of the nation or region as a whole: This refers to the overall economic health of the country or region. A strong economy with high levels of productivity and profitability can lead to higher standards of living.

",1,0,0,0,"Employment opportunities and income available to residents: Access to good jobs with fair wages is essential for a high standard of living. In addition, social safety nets such as unemployment insurance and welfare programs can help support those who are unable to work.",1,0,0,0,2,7,8,2,3,3,3,3,5,5,,2,,4,3,5,,2,,1,,,1,,2,
10/10/2023 11:07,The USA got rich after WW2. We then established ourselves as friends of Europe. We used to all be white countries.,1,0,0,0,"Whites are more evolved. Living in cold environments, we had to do a lot more work to survive than the dark people who live in jungles where food just falls from the trees and they eat bugs. Whites set up civilization, and we know how to make it work. Unfortunately, some kind of misplaced guilt caused us to share our wealth (electricity, medicine, running water, etc) with populations that had not even invented the wheel, and those populations just aren't evolved enough to handle what we can. That's why the blacks and browns generally have less.",1,0,0,0,4,4,3,2,2,2,2,2,5,6,,1,,6,4,4,,2,,2,,,1,,2,"Until we take care of the nuclear issue, specifically the race between China, Russia, and the USA to increase stockpiles, we don't need to worry too much about the future. "
10/10/2023 11:11,In the US capitalism.,1,0,0,0,The opportunities in these countries will cause them to be wealthier.,1,0,0,0,3,6,4,4,4,3,3,3,4,6,,1,,6,4,5,,2,,1,,,1,,2,no
10/10/2023 11:11,"Economic growth, war, good education, infrastructure, democracy",1,0,0,0,"Some countries have more natural resources, are in better locations, and have different values",1,1,0,0,8,8,8,6,5,7,5,5,2,6,,1,,5,2,4,,2,,1,,,1,,2,
10/10/2023 11:12,progress for the country and inhabitants,1,0,0,0,more work and above all democracy without corruption,1,0,0,0,7,8,8,6,6,8,4,7,3,6,,2,,6,3,4,,2,,1,,,1,,2,
10/10/2023 11:15,"Industrialization was the beginning of capitalism and capitalism fuels competition. Eventually, you get the best products and services at the best prices. ",1,0,0,0,More people want to be part of democracies and have freedom. So they try to be a part of those types of systems when possible while leaving those systems that hold them back out spots freedom. ,1,0,0,0,3,7,5,4,2,2,4,3,5,6,,1,,8,3,4,,2,,1,,,1,,2,
10/10/2023 11:24,Heritage of European values from Greek civilization and the influence of Christianity.,1,0,0,0,"They've developed, adopted, or utilized industries and invested in them. They've maintained control over many resources that other other do not have control of.",1,0,0,0,7,7,8,2,2,2,5,4,4,6,,1,,7,4,4,,2,,2,,,1,,2,My answers were guesses.
10/10/2023 11:27,WW2.  Seeing what was happening in the Soviet Union and other places. ,1,0,0,0,Capitalism.  More freedom,1,0,0,0,4,7,2,2,2,2,2,2,3,6,,1,,5,4,5,,2,,1,,,1,,2,
10/10/2023 11:29,"Industrialization, freedom of businesses to develop new products, strong work ethics, less government interference and regulations.",1,0,0,0,"Government corruption, oppression, natural disasters, exploitation by other countries for resources, the geography of these countries. Lack of investments by developed countries to these regions for industrial growth, education and sponsorship.",1,1,1,0,2,4,2,2,2,2,2,2,5,6,,2,,7,2,4,,2,,1,,,1,,2,
10/10/2023 11:30,"Education of citizens, work ethic and availability of work",1,0,0,0,"Empowering citizens to make better lives for themselves and their families, modernization and a democratic type of government",1,0,0,0,3,4,2,2,2,2,2,2,5,6,,1,,3,3,3,,2,,1,,,1,,2,
10/10/2023 11:35,They have access to great healthcare. They are known for their environment beauty ,1,0,0,0,"High education rates, good healthcare, affordable living, jobs available",1,0,0,0,7,7,7,7,7,7,7,7,3,6,,1,,3,2,4,,2,,1,,,1,,2,
10/10/2023 11:39,"The ability to trade, having a way of distributing goods, the economy, development of science and technology",1,0,0,0,They are more developed. The area is better than the other countries. Technology and science are more advanced as well as healthcare. The climate is better.,1,1,0,0,2,4,3,4,3,3,2,5,4,6,,1,,7,4,4,,2,,2,,,1,,2,
10/10/2023 11:40,strong Godly leaders,1,0,0,0,ownership and control of waterways and territories,1,0,0,0,7,7,7,6,6,6,5,6,3,6,,1,,5,2,4,,2,,2,,,1,,2,
10/10/2023 11:42,i think because the leaders cared aout the people and also technology has brought us really far. Hard work and counting on one another has helped to.,1,0,0,0,we have better economy a higher standerd of living than other countries. More companies better pay.,1,0,0,0,6,7,6,6,5,6,4,5,5,6,,2,,6,3,4,,2,,2,,,1,,2,thanks for the survey i answerd the questions the best i could and i did not look anything up.
10/10/2023 11:42,"The sense of community, working together, wanting to learn about new things, good climate for agriculture, which led to better conditions, which led to further interventions, and enlightened thinking.",1,1,0,0,"Many of these countries that you're talking about that don't have much wealth, do not have free societies in which people can become self-reliant and productive in trying out new things. In many cases they have a dictator that takes most of the money for him and his cronies.",1,0,0,0,2,6,2,3,2,2,2,2,5,6,,2,,8,5,4,,2,,1,,,1,,2,
10/10/2023 11:42,Education and technology were some of the biggest factors that allowed them to develop one of the highest standards of living.,1,0,0,0,Some countries are much wealthier because of their technological advancements and the people are more loyal to their country,1,0,0,0,6,8,7,6,4,7,4,6,4,6,,1,,5,4,4,,2,,2,,,1,,2,
10/10/2023 11:43,The amount of freedom that western nations have allows them to expand seemingly infinitely. If there is a will there will be a way.,1,0,0,0,"The higher standard of living in these countries also includes a higher cost of living, and thus, much more wealth in the country.",0,0,0,0,2,3,2,2,4,3,2,2,5,6,,2,,3,2,4,,2,,1,,,1,,2,
10/10/2023 11:44,The availability of raw materials and access to ever-increasingly prosperous consumer markets as well as globalization of manufacturing. The globalization led to lower manufacturing costs and more affordable goods. ,1,1,0,0,"Access to raw materials, capital and a skilled, educated labour force. ",1,1,0,0,6,7,7,6,7,7,5,6,2,6,,2,,8,5,5,,2,,1,,,1,,2,
10/10/2023 11:49,Natural resources were abundant thus making the countries wealthy. With wealth comes business and trade. This led to the growth of major metropolitan centers and many jobs for the people.,1,1,0,0,Natural Resources and a free market society.,1,1,0,0,3,7,4,2,2,2,2,2,5,6,,2,,7,4,5,,2,,1,,,1,,2,
10/10/2023 11:49,Their cultural background and beliefs. ,1,0,0,0,"Because they have better access to technology, water, food, and so on. They are more skilled at things that make them more income.",1,1,0,0,7,8,7,6,7,6,3,7,4,6,,1,,3,4,4,,2,,1,,,1,,2,
10/10/2023 11:51,I think a big factor for the U.S at least is that that they are a democracy,1,0,0,0,I am not 100 percent sure but I think that they have more to offer and sell so they make more money.,1,0,0,0,6,7,7,5,4,5,5,4,3,6,,1,,3,2,4,,2,,2,,,1,,2,This was an interesting survey.
10/10/2023 11:51,Capitalism and freedom,1,0,0,0,"Capitalism and freedom. A culture focused on progress, hardwork and delayed gratification. Also a higher iq population",1,0,0,0,3,3,2,2,3,3,3,3,5,"5,6",,2,,3,3,4,,2,,2,,,1,,2,
10/10/2023 11:52,The advent of factories and wars.  Both are money makers and strong indicators of a healthy economy.,1,0,0,0,The poorer countries are usually riddled with corrupt politicians who are raiding the coffers.,1,0,0,0,3,7,8,3,3,2,5,4,5,6,,1,,5,4,4,,2,,2,,,1,,2,
10/10/2023 11:52,"we forced the world to accept and deal in us currency backed supposedly in gold, but now in oil",0,0,0,0,corruption / natural selection,1,0,0,0,2,5,2,2,2,2,2,2,5,6,,2,,7,3,5,,2,,1,,,1,,2,
10/10/2023 11:52,Liberty and the freedom to live life as they want,1,0,0,0,Their governments aren't nearly as restrictive and they aren't dictatorships.,1,0,0,0,2,5,2,2,2,5,5,2,5,6,,2,,5,2,5,,2,,1,,,1,,2,
10/10/2023 11:52,I have no idea. I would guess those who fought for us and our laws in early civilization.,1,0,0,0,They have more businesspeople and relationships with other countries.,1,0,0,0,7,8,7,2,2,2,2,2,4,6,,1,,7,5,4,,2,,1,,,1,,2,
10/10/2023 11:53,They are the leading nations so they have to have high standards for other countries to follow.,1,0,0,0,They have better development in technologies and more educational. ,1,0,0,0,5,5,6,2,2,2,2,2,5,2,,2,,7,4,4,,2,,2,,,1,,2,
10/10/2023 11:54,I think western nations have a higher standard of living because of capitalism.  Capitalism invites innovation and entrepreneurship.  These encourage everyone to flourish instead of doing as little as possible.,1,0,0,0,Factors for wealthy countries include natural resources like oil and minerals.  Some countries that aren't wealthy have bad luck as far as their climate and natural disasters like Haiti earthquakes.,0,1,0,0,6,7,6,4,4,4,4,3,4,6,,2,,6,4,5,,2,,1,,,1,,2,
10/10/2023 11:54,Having the freedom to choose what they buy and invest their money in.,1,0,0,0,We spend our money on foundational resources that will provide better value in the long run ,1,0,0,0,7,8,8,7,7,7,5,5,4,6,,2,,7,4,4,,2,,1,,,1,,2,
10/10/2023 11:55,"War, pillaging and colonization have lead to high standards of living",0,0,1,0,"They have robbed and manipulated others into doing their bidding, typically in economic matters.",0,0,1,0,4,7,8,3,6,6,3,4,4,2,,2,,6,3,4,,2,,2,,,1,,2,
10/10/2023 11:55,Technology and education. ,1,0,0,0,The ability to develop the country's expansion through industrial dominance and technology.,1,0,0,0,6,6,7,6,5,5,5,5,4,6,,2,,6,4,4,,2,,2,,,1,,2,no
10/10/2023 11:56,Because they want a high quality of life. ,0,0,0,1,Due to free trade. Natural resources.,1,1,0,0,6,6,7,2,2,2,2,2,5,6,,1,,5,1,5,,2,,1,,,1,,2,
10/10/2023 11:57,Capitalism.,1,0,0,0,Innovation and commerce.,1,0,0,0,3,3,3,2,2,2,2,2,5,6,,2,,3,3,4,,2,,2,,,1,,2,No
10/10/2023 11:57,"Western nations were among the pioneers of the Industrial Revolution, which began in the 18th century. The adoption of mechanized production methods and technological advancements significantly increased productivity and led to economic growth, creating wealth and improving standards of living.",1,0,0,0,"Historical events, such as colonization, the establishment of trade routes, and industrialization, have shaped the economic development of countries. Colonial exploitation and resource extraction during the colonial era significantly impacted the economic structures of many nations, often leaving them at a disadvantage in terms of resources and development.",1,0,1,0,7,8,8,5,7,6,8,7,4,6,,2,,9,5,5,,2,,1,,,1,,1,
10/10/2023 11:57,Advancement in technology and a healthy competitiveness between nations. ,1,0,0,0,Opportunity and a higher import and export business. ,1,0,0,0,7,7,8,6,6,8,6,5,4,6,,2,,7,4,4,,2,,2,,,1,,2,
10/10/2023 11:58,"The people who explored the new lands were also the ones who wanted mankind to achieve more and aim higher, and had the means to do so",1,0,0,0,"We have and start with more, and use our resources better, or negotiate how to get more. The natural climate (i.e. weather) is disastrous in some parts of the world, too.",1,1,0,0,7,8,7,7,6,7,6,6,4,6,,1,,5,2,4,,2,,2,,,1,,2,
10/10/2023 11:58,I think western countries developed societies that were very organize and that focused on an industrial revolution and the advancement of technology. This might have lead to one factor of developing higher standards of living than in other parts of the world. ,1,0,0,0,"I think having access to certain raw materials helps. Britain, also does collect a great deal of wealth from their citizens in the form of over taxation. This is my my opinion, however. The UK does have focus on industry and a very organized society. ",1,1,0,0,7,7,7,7,7,7,7,4,3,6,,1,,6,2,4,,2,,2,,,1,,2,"This is an interesting study. I come from a background of not growing up being able to just look up answers through a browser on the Internet, so all of my answers were straight from my brain. Thank you so much. "
10/10/2023 11:59,"High economic output, industrial innovations and public policy have helped these nations develop a high standard of living.",1,0,0,0,Good political policies and strong foreign policies made these countries wealthier than others.,1,0,0,0,3,4,2,2,2,2,2,2,5,"5,6",,2,,3,4,4,,2,,2,,,1,,2,
10/10/2023 11:59,"The rapid expansion of western empires, the use of tools and metals and strong leaders made western society grow rapidly both politically and financially. This allowed for global trade and even more rapid financial growth leading to the high standard of living and quality of life seen throughout western society today.",1,0,0,0,Global trade and early historic expansion allowed countries such as the US and Britain to control global finances. They took advantage of societies that were more local than global to amass great wealth in the beginning and now maintain wealth through established trade and manufacturing.,1,0,1,0,6,7,6,6,4,6,3,6,2,6,,2,,7,4,4,,2,,2,,,1,,2,Boo comments 
10/10/2023 11:59,"Factors such an industrialization and money printing allowed for unlimited growth within these 1st world countries, having access to military and resources helped secure their place.",1,0,0,0,"Higher standard of living, higher wages leads to more access to better healthcare and helps with average life span.",1,0,0,0,6,4,4,6,7,4,5,4,5,6,,2,,5,3,4,,2,,2,,,1,,2,
10/10/2023 12:00,Conquering the native people of the land through killing and taking over ownership of the land while also using the land through farming and mining contributed to the western nations to develop on of the highest standards of living in the world.,1,0,1,0,"When a country conquers other nations through military forces and/ or through exploration, they then own that land's natural resources which enriches them.  Then, they have even more resources and power to go after additional nations' land, etc.",1,0,0,0,7,8,8,7,6,7,5,6,2,2,,1,,7,4,4,,2,,2,,,1,,2,
10/10/2023 12:01,"The Industrial Revolution, which played a crucial role in transforming Western economies. It led to the growth of factories, and increased productivity. Created wealth and jobs, significantly improving living standards.",1,0,0,0,Slavery can be a factor that has influenced the development disparities within Western nations like US and countries like Haiti,0,0,1,0,8,8,8,7,7,7,7,7,1,5,,2,,8,5,2,,2,,2,,,1,,2,
10/10/2023 12:05,Capitalism helped western nations develop wealth via a free economy ,1,0,0,0,Countries such as Britain have free elections to ensure less corruption ,1,0,0,0,4,7,6,7,4,7,5,5,2,"5,6",,1,,8,4,4,,2,,2,,,1,,2,
10/10/2023 12:06,God blessed them. They had good land and plenty of water for farming and raising animals. Plentiful trees and resources to build with. ,1,0,0,0,They had better resources to trade and build with to get started. Better education to pass down also. ,1,1,0,0,7,8,8,4,7,5,3,3,5,6,,1,,2,2,4,,2,,1,,,1,,2,
10/10/2023 12:08,"Things that have lead western nations to develop in a higher standard include: industrialization, technological advancements, strong institutions, a robust education system, centralized infrastructure such as public transportation, energy girds, and communication, and most importantly of all: natural resources such as oil, minerals, and arable land.",1,1,0,0,"Things such as global trade, natural resources, and geopolitical factors have contributed to prosperity for wealthier countries such as the US and Britain. Infrastructure and education also play a large role in a countries wealth.",1,1,0,0,7,7,8,4,4,6,4,4,4,6,,2,,3,1,4,,2,,2,,,1,,2,
10/10/2023 12:13,,0,0,0,1,,0,0,0,1,,,,,,,,,,,,,,,,,,,,,,,,,,
10/10/2023 12:17,"I truly have no idea where France is concerned.  As for the United States, I've lived here for 80 years and have never been more ashamed of my country than in these past few years.  There is so little regard for life now that mothers are killing their children and little boys want to be little girls and vice versa.  Jesus Christ will return soon enough and the world will finally know the truth.",0,0,0,1,"The Brits have always had more wealth than the countries mentioned.
Third world countries suffer so much from hunger and home.  Most live in hovels and their children die from hunger.  I can't understand that we, as Americans, who even the poorest have more than these countries, do not step in and feed and house the many who suffer.",0,0,0,0,8,8,8,8,3,6,7,6,2,6,,1,,5,4,5,,2,,1,,,1,,1,This was difficult for me and I did ask Siri for the answer to a question regarding emissions from earth.
10/10/2023 12:22,"I believe this would be the result of wanting better for it's citizens . Additionally, education  has helped with the understanding of economics, increased standards of living and   how far the dollar will go. For example the value of the dollar 50 years ago verses today.",1,0,0,0,"A lot of countries( more so) 3rd world countries lack the infrastructure, a solid functioning government and education. With out a competent education system in place the others will not thrive.  You must be willing to learn to put forth the work to get results.  Lastly, there are numerous countries that are crippled with bad unforeseen weather that it prevents them from making significant head way. Again, I believe if there was a formal education system in place for all ages and gender these conditions would improve.",1,1,0,0,4,8,7,4,4,6,3,3,5,6,,1,,7,2,4,,2,,2,,,1,,2,"The U.S needs to fix and stay focused on it's own self. Land and people. We must fix our own issues before we can fix others. While it is nice to think we are generous and should step in financially to save others  that is not going to help our generations an the next. Education will go a long way and it will not cost the US billions by sticking its nose in other countries business needlessly. ""Teach a man to fish.""  "
10/10/2023 13:04,Democracy; energy production; military spending.,1,0,0,0,Location; energy production; leadership that does not rob the people.,1,1,0,0,7,8,6,6,3,7,6,6,4,6,,2,,3,2,4,,2,,1,,,1,,2,
